ISO;Score 2026;Rank;Political Context;Rank_Pol;Economic Context;Rank_Eco;Legal Context;Rank_Leg;Social Context;Rank_Soc;Safety;Rank_Saf;Zone;Country_FR;Country_EN;Country_ES;Country_PT;Country_AR;Country_FA;Year (N);Rank N-1;Rank evolution;Score N-1;Score evolution
FIN;86,22;6;89,16;8;78,68;5;85,62;10;83,59;14;94,05;14;UE Balkans;Finlande;Finland;Finlandia;Finlândia ;??????;??????;2026;5;-1;87,18;-0,96
EST;88,54;3;90,29;4;75,33;8;89,25;5;92,33;1;95,53;7;UE Balkans;Estonie;Estonia;Estonia;Estônia ;???????;??????;2026;2;-1;89,46;-0,92
NLD;88,92;2;89,31;7;85,38;2;90,68;2;87,7;6;91,52;33;UE Balkans;Pays-Bas;Netherlands;Países Bajos;Países Baixos ;??????;????;2026;3;1;88,64;0,28
SWE;87,61;5;89,61;6;81,67;3;88,82;6;84,53;11;93,41;18;UE Balkans;Suède;Sweden;Suecia;Suécia ;??????;????;2026;4;-1;88,13;-0,52
LTU;81,34;15;74,05;24;68,03;14;86,29;8;85,82;9;92,49;26;UE Balkans;Lituanie;Lithuania;Lituania;Lituânia ;????????;???????;2026;14;-1;82,27;-0,93
DNK;88,47;4;91,79;2;79,51;4;86,56;7;88,79;5;95,69;5;UE Balkans;Danemark;Denmark;Dinamarca;Dinamarca ;????????;???????;2026;6;2;86,93;1,54
IRL;85,93;7;90,5;3;76,59;6;80,82;25;86,2;7;95,54;6;UE Balkans;Irlande;Ireland;Irlanda;Irlanda ;???????;??????;2026;7;0;86,92;-0,99
PRT;83,71;10;86,76;9;62,25;26;85,86;9;89,29;4;94,4;12;UE Balkans;Portugal;Portugal;Portugal;Portugal ;????????;??????;2026;8;-2;84,26;-0,55
CHE;84,83;8;89,65;5;70,67;11;82,74;18;85,86;8;95,24;9;UE Balkans;Suisse;Switzerland;Suiza;Suíça ;??????;?????;2026;9;1;83,98;0,85
CZE;83,01;11;76,25;20;66,46;17;89,53;4;89,31;3;93,49;16;UE Balkans;Tchéquie;Czechia;Chequia;Chéquia;??????; ??;2026;10;-1;83,96;-0,95
NOR;92,72;1;95,98;1;87,22;1;91,76;1;92,19;2;96,46;1;UE Balkans;Norvège;Norway;Noruega;Noruega ;???????;????;2026;1;0;92,31;0,41
LIE;82,62;13;77,31;18;65,41;18;89,69;3;84,84;10;95,83;4;UE Balkans;Liechtenstein;Liechtenstein;Liechtenstein;Liechtenstein ;??????????;????????????;2026;12;-1;83,42;-0,8
LUX;84,14;9;86,07;10;72,44;9;81,83;23;84,08;12;96,25;3;UE Balkans;Luxembourg;Luxembourg;Luxemburgo;Luxemburgo ;?????????;??????????;2026;13;4;83,04;1,1
DEU;82,17;14;82,38;13;75,87;7;84,82;11;77,66;34;90,14;39;UE Balkans;Allemagne;Germany;Alemania;Alemanha ;???????;?????;2026;11;-3;83,85;-1,68
LVA;81;17;79,99;16;69,75;12;82,22;20;79,41;25;93,64;15;UE Balkans;Lettonie;Latvia;Letonia;Letônia ;??????;??????;2026;15;-2;81,82;-0,82
NZL;77,38;22;78,4;17;64,44;21;76,35;38;75,95;42;91,76;30;Asie-Pacifique;Nouvelle-Zélande;New Zealand;Nueva Zelanda;Nova Zelândia ;??????????;????? ??;2026;16;-6;81,37;-3,99
ISL;82,77;12;85,69;11;65,09;19;83,61;14;83,97;13;95,47;8;UE Balkans;Islande;Iceland;Islandia;Islândia ;???????;??????;2026;17;5;81,36;1,41
BEL;81,17;16;81,97;15;69,07;13;82,37;19;81,94;16;90,52;36;UE Balkans;Belgique;Belgium;Bélgica;Bélgica ;??????;?????;2026;18;2;80,12;1,05
TTO;74,7;32;64,6;39;62,4;25;77,21;35;78,79;30;90,48;37;Amériques;Trinité-et-Tobago;Trinidad and Tobago;Trinidad y Tobago;Trinidad e Tobago ;???????? ???????;????? ? ??????;2026;19;-13;79,71;-5,01
GBR;79,45;18;82,19;14;70,86;10;76,97;36;77,37;37;89,85;43;UE Balkans;Royaume-Uni;United Kingdom;Reino Unido;Reino Unido;??????? ???????;????????;2026;20;2;78,89;0,56
CAN;78,76;20;82,75;12;63,7;23;80,54;27;78,29;31;88,5;53;Amériques;Canada;Canada;Canadá;Canadá ;????;??????;2026;21;1;78,75;0,01
AUT;79,43;19;74,36;23;65,01;20;84,37;13;79,09;26;94,31;13;UE Balkans;Autriche;Austria;Austria;Áustria ;??????;?????;2026;22;3;78,12;1,31
ESP;75,42;29;71,26;28;55,68;40;80,59;26;79,05;27;96,46;1;UE Balkans;Espagne;Spain;España;Espanha ;???????;???????;2026;23;-6;77,35;-1,93
TWN;75,44;28;72,14;26;58,63;36;75,97;40;77,04;39;93,42;17;Asie-Pacifique;Taïwan;Taiwan;Taiwán;Taiwan ;??????;??????;2026;24;-4;77,04;-1,6
FRA;76,68;25;77,07;19;61,43;28;79,15;31;77,38;36;88,38;54;UE Balkans;France;France;Francia;França ;?????;??????;2026;25;0;76,62;0,06
JAM;75,87;26;64,76;38;67,04;15;72,62;47;81,85;17;93,1;21;Amériques;Jamaïque;Jamaica;Jamaica; Jamaica ;???????;????????;2026;26;0;75,83;0,04
ZAF;77,95;21;74,65;22;59,76;34;83,22;17;83,11;15;89,01;49;Afrique;Afrique du Sud;South Africa;Sudáfrica;África do Sul ;???? ???????;??????? ?????;2026;27;6;75,71;2,24
NAM;76,97;23;72,63;25;60,55;31;81,96;22;76,52;41;93,17;20;Afrique;Namibie;Namibia;Namibia;Namíbia ;???????;???????;2026;28;5;75,35;1,62
AUS;74,58;33;75,63;21;61,43;29;67,1;63;76,74;40;92;29;Asie-Pacifique;Australie;Australia;Australia;Austrália ;????????;????????;2026;29;-4;75,15;-0,57
CPV;71,98;40;65,73;36;49,61;55;77,38;34;74,39;44;92,78;24;Afrique;Cap-Vert;Cabo Verde;Cabo Verde;Cabo Verde ;????? ??????;??????;2026;30;-10;74,98;-3
POL;75,52;27;66,48;32;62,71;24;74,5;43;81,5;19;92,44;27;UE Balkans;Pologne;Poland;Polonia;Polônia ;??????;??????;2026;31;4;74,79;0,73
SUR;73,2;34;62,33;42;66,71;16;68,06;60;78,98;28;89,93;41;Amériques;Surinam;Suriname;Surinam;Suriname ;???????;???????;2026;32;-2;74,49;-1,29
SVN;72,88;36;68,89;30;52,29;49;80,35;28;72,22;52;90,65;35;UE Balkans;Slovénie;Slovenia;Eslovenia;Eslovênia ;????????;???????;2026;33;-3;74,06;-1,18
ARM;67,02;50;55,93;57;45,85;66;73,01;45;73,86;47;86,46;64;EEAC;Arménie;Armenia;Armenia;Armênia ;???????;????????;2026;34;-16;73,96;-6,94
MDA;74,77;31;65,89;35;59,92;33;77,6;33;81,51;18;88,92;50;EEAC;Moldavie;Moldova;Moldavia;Moldávia ;???????;???????;2026;35;4;73,36;1,41
CRI;72,35;38;50,73;71;58,11;37;83,34;15;77,41;35;92,15;28;Amériques;Costa Rica;Costa Rica;Costa Rica;Costa Rica ;?????????;?????????;2026;36;-2;73,09;-0,74
FJI;76,76;24;71,38;27;63,74;22;73,25;44;80,32;22;95,1;10;Asie-Pacifique;Fidji;Fiji;Fiyi;Ilhas Fiji ;????;????;2026;40;16;71,2;5,56
SVK;72,71;37;53,5;64;61,06;30;79,69;30;79,47;24;89,84;44;UE Balkans;Slovaquie;Slovakia;Eslovaquia;Eslováquia ;????????;???????;2026;38;1;71,93;0,78
TLS;75,29;30;63,64;41;57,35;38;82,1;21;80,68;21;92,68;25;Asie-Pacifique;Timor oriental;East Timor;Timor Oriental;Timor Leste ;????? ???????;????? ????;2026;39;9;71,79;3,5
LBY;40,34;138;46,46;82;42,46;80;46,32;130;28,2;166;38,25;148;MENA;Libye;Libya;Libia;Líbia ;?????;????;2026;137;-1;40,42;-0,08
GAB;70,57;43;66,01;33;54,95;42;71,36;49;74,23;45;86,31;65;Afrique;Gabon;Gabon;República Gabonesa;Gabão ;???????;?????;2026;41;-2;70,65;-0,08
MKD;69,49;45;56,77;53;47,4;61;83,29;16;70,86;55;89,14;48;UE Balkans;Macédoine;North Macedonia;República de Macedonia del Norte;Macedônia do Norte ;??????? ????????;??????? ????? ;2026;42;-3;70,44;-0,95
DOM;69,73;44;56,35;56;51,41;51;84,39;12;81,5;20;75,01;90;Amériques;Rép. Domini.;Dominican Republic;República Dominicana;República Dominicana ;??????? ???????????;?????? ???????;2026;43;-1;69,87;-0,14
WSM;64,53;59;51,32;69;53,85;44;59,81;86;72,05;53;85,63;68;Asie-Pacifique;Samoa;Samoa;Samoa;Samoa ;?????;?????;2026;44;-15;69,28;-4,75
SYC;73,04;35;65,9;34;61,52;27;70,19;54;77,32;38;90,28;38;Afrique;Seychelles;Seychelles;Seychelles;Seychelles ;?????;?????;2026;45;10;68,56;4,48
TON;66,62;51;52,76;65;52,8;47;59,3;87;73,22;50;95,02;11;Asie-Pacifique;Tonga;Tonga;Tonga;Tonga ;?????;?????;2026;46;-5;68,39;-1,77
BLZ;61,66;66;49,92;74;46,23;64;60,2;84;68,32;59;83,64;78;Amériques;Bélize;Belize;Belice;Belize ;????;????;2026;47;-19;68,32;-6,66
CSS;64,6;57;55,01;58;51,32;52;58,88;90;67,06;61;90,75;34;Amériques;OÉCO;OECS;OECO;OECO;????????;????? ??????? ????;2026;48;-9;68,08;-3,48
ITA;65,16;56;58,81;50;48,72;58;68,81;56;62,51;77;86,92;61;UE Balkans;Italie;Italy;Italia;Itália ;???????;???????;2026;49;-7;68,01;-2,85
MRT;63,36;61;57,44;52;43,81;74;68,26;58;62,55;76;84,75;71;Afrique;Mauritanie;Mauritania;Mauritania;Mauritânia ;?????????;????????;2026;50;-11;67,52;-4,16
MUS;70,92;42;65,17;37;51,25;53;70,91;50;78,07;32;89,2;46;Afrique;Maurice;Mauritius;Mauricio;Maurício ;????????;?????;2026;51;9;67,31;3,61
GHA;72,2;39;69;29;51,46;50;80,16;29;73,27;49;87,1;60;Afrique;Ghana;Ghana;Ghana;Gana ;????;???;2026;52;13;67,13;5,07
PAN;62,14;65;50,44;73;46,67;63;62,47;78;63,41;73;87,71;56;Amériques;Panama;Panama;Panamá;Panamá ;????;??????;2026;53;-12;66,75;-4,61
LBR;64,54;58;59,5;47;42,12;82;78,18;32;78,88;29;64,05;107;Afrique;Libéria;Liberia;Liberia;Libéria ;???????;??????;2026;54;-4;66,61;-2,07
ROU;67,71;49;59,13;49;46,06;65;70,5;51;73,09;51;89,76;45;UE Balkans;Roumanie;Romania;Rumania;Romênia ;???????;??????;2026;55;6;66,42;1,29
SLE;57,06;79;54,24;60;39,74;96;62,75;77;70,88;54;57,7;112;Afrique;Sierra Leone;Sierra Leone;Sierra Leona;Serra Leoa ;????????;?????????;2026;56;-23;66,36;-9,3
USA;62,61;64;53,59;62;55,05;41;70,47;52;64,27;66;69,68;98;Amériques;États-Unis;United States;Estados Unidos;Estados Unidos ;???????? ???????;?????? ????? ??????;2026;57;-7;65,487;-2,87
GMB;69,42;46;59,22;48;53,13;46;62,97;75;80,06;23;91,73;31;Afrique;Gambie;Gambia;Gambia;Gâmbia ;??????;??????;2026;58;12;65,486;3,94
URY;68,72;48;61,2;44;44,48;72;75,63;41;69,43;57;92,88;22;Amériques;Uruguay;Uruguay;Uruguay;Uruguai ;????????;???????;2026;59;11;65,18;3,54
HRV;66,31;53;56,61;54;45,43;69;76,45;37;64,88;65;88,2;55;UE Balkans;Croatie;Croatia;Croacia;Croácia ;???????;??????;2026;60;7;64,2;2,11
QAT;59,79;75;51,26;70;52,6;48;48,09;124;55,48;104;91,54;32;MENA;Qatar;Qatar;Catar;Catar ;???;???;2026;79;4;58,25;1,54
UKR;66,1;55;68,38;31;60,43;32;76,32;39;77,88;33;47,49;128;EEAC;Ukraine;Ukraine;Ucrania;Ucrânia ;????????;???????;2026;62;7;63,93;2,17
BRA;66,37;52;62,31;43;49,53;56;70,29;53;66,46;63;83,27;81;Amériques;Brésil;Brazil;Brasil;Brasil ;????????;?????;2026;63;11;63,8;2,57
CIV;66,27;54;59,5;46;56,01;39;72,62;46;73,28;48;69,92;97;Afrique;Côte d'Ivoire;Côte d'Ivoire;Costa de Marfil;Costa do Marfim ;???? ?????;???? ???;2026;64;10;63,69;2,58
AND;63,91;60;56,58;55;38,23;104;68,36;57;63;75;93,4;19;UE Balkans;Andorre;Andorra;Andorra;Andorra ;??????;?????;2026;65;5;63,3;0,61
JPN;62,9;62;51,87;67;54,24;43;65,99;68;53,81;108;88,6;52;Asie-Pacifique;Japon;Japan;Japón;Japão ;???????;????;2026;66;4;63,14;-0,24
MLT;61,44;67;42,63;97;48,72;59;64,97;69;61,68;82;89,2;47;UE Balkans;Malte;Malta;Malta;Malta ;?????;????;2026;67;0;62,96;-1,52
HUN;59,85;74;33,89;128;44,98;70;63,84;72;70,35;56;86,17;66;UE Balkans;Hongrie;Hungary;Hungría;Hungria ;?????;????????;2026;68;-6;62,82;-2,97
CHL;60,84;70;63,68;40;40,26;93;60,74;82;56,32;103;83,21;82;Amériques;Chili;Chile;Chile;Chile ;?????;????;2026;69;-1;62,25;-1,41
BGR;60,28;71;47,05;80;39,46;98;67,69;61;60,27;90;86,91;62;UE Balkans;Bulgarie;Bulgaria;Bulgaria;Bulgária ;???????;?????????;2026;70;-1;60,78;-0,5
COG;61,21;68;52,67;66;42,98;76;62,85;76;63,44;72;84,09;76;Afrique;Congo-Brazzaville;Congo-Brazzaville; Congo-Brazzaville;Congo-Brazzaville ;???????????????;???? ????????;2026;71;3;60,58;0,63
CAF;56,73;81;43,85;89;41,31;88;60,15;85;63,1;74;75,26;88;Afrique;République centraf.;Central African Republic;República Centroafricana;República Centro-Africana ;??????? ??????? ??????;?????? ??????? ?????;2026;72;-9;60,15;-3,42
GUY;59,58;76;40,05;108;48,99;57;58,5;92;63,79;71;86,56;63;Amériques;Guyana;Guyana;Guyana;Guiana ;??????;?????;2026;73;-3;60,12;-0,54
SEN;58,11;78;54,45;59;41,34;87;59,25;88;67,38;60;68,13;100;Afrique;Sénégal;Senegal;Senegal;Senegal ;???????;?????;2026;74;-4;59,43;-1,32
COM;60,23;72;50,64;72;44,39;73;61,36;81;62,26;79;82,52;83;Afrique;Comores;Comoros;Comoras;Comores ;??? ?????;?????;2026;75;3;59,27;0,96
MWI;60,96;69;48,99;76;42,4;81;63,27;74;66,7;62;83,44;80;Afrique;Malawi;Malawi;Malaui;Malaui ;??????;??????;2026;76;7;59,2;1,76
CYP;56,91;80;42,9;95;39,67;97;58,37;93;54,95;105;88,69;51;UE Balkans;Chypre;Cyprus;Chipre;Chipre ;????;????;2026;77;-3;59,04;-2,13
PNG;60,11;73;48,75;77;47,96;60;54,12;106;63,92;70;85,81;67;Asie-Pacifique;Papouasie-NG;Papua New Guinea;Papúa Nueva Guinea;Papua-Nova Guiné ;????? ????? ???????;????? ???? ??;2026;78;5;58,35;1,76
OMN;43,67;127;33,44;130;35,33;124;27,94;160;37,12;149;84,52;74;MENA;Oman;Oman;Omán;Omã ;????;????;2026;134;7;42,29;1,38
ALB;56,52;83;36,56;121;33,77;137;66,63;64;60,23;91;85,39;70;UE Balkans;Albanie;Albania;Albania;Albânia ;???????;??????;2026;80;-3;58,18;-1,66
BWA;62,89;63;54,01;61;43,77;75;58,52;91;74,68;43;83,48;79;Afrique;Botswana;Botswana;Botsuana;Botsuana ;????????;?????????;2026;81;18;57,64;5,25
ZMB;58,58;77;44,27;88;35,65;120;63,89;71;61,59;83;87,5;57;Afrique;Zambie;Zambia;Zambia;Zâmbia ;??????;??????;2026;82;5;57,33;1,25
NER;46,02;120;42,01;100;35,84;119;51,56;110;56,79;98;43,89;137;Afrique;Niger;Niger;Niger;Níger ;??????;????;2026;83;-37;57,05;-11,03
PRY;54,67;88;35,23;125;30,75;154;66,17;67;60,93;86;80,26;85;Amériques;Paraguay;Paraguay;Paraguay;Paraguai ;????????;????????;2026;84;-4;56,84;-2,17
MNE;71,8;41;60,25;45;53,35;45;81,53;24;73,97;46;89,91;42;UE Balkans;Monténégro;Montenegro;Montenegro;Montenegro ;????? ??????;??????????;2026;37;-4;72,83;-1,03
BIH;54,29;90;39,56;110;36,74;114;67,63;62;59,79;93;67,74;102;UE Balkans;Bosnie-Herzégovine;Bosnia-Herzegovina;Bosnia-Herzegovina;Bósnia-Herzegóvina ;??????? ???????;????? ????????;2026;86;-4;56,33;-2,04
ARG;52,44;98;34,9;126;31,85;148;66,23;66;54,12;106;75,09;89;Amériques;Argentine;Argentina;Argentina;Argentina ;?????????;????????;2026;87;-11;56,14;-3,7
MYS;52,73;95;43;93;40,28;92;43,71;134;51,25;116;85,42;69;Asie-Pacifique;Malaisie;Malaysia;Malasia;Malásia ;???????;?????;2026;88;-7;56,09;-3,36
GRC;55,05;86;42,99;94;34,84;129;63,82;73;48,89;126;84,73;72;UE Balkans;Grèce;Greece;Grecia;Grécia ;???????;?????;2026;89;3;55,37;-0,32
NPL;54,8;87;51,56;68;47,33;62;68,19;59;56,96;97;49,98;125;Asie-Pacifique;Népal;Nepal;Nepal;Nepal ;?????;????;2026;90;3;55,2;-0,4
CTU;56,57;82;46,86;81;36,63;115;59,21;89;52,77;110;87,36;59;UE Balkans;Chypre du Nord (Occupé);Northern Cyprus (Occupied);Chipre del Norte (Ocupado);Chipre do Norte (Occupado);???? ????????;???? ?????;2026;91;9;54,84;1,73
BEN;47,39;113;39,81;109;35,19;126;50,37;114;61,24;84;50,36;123;Afrique;Bénin;Benin;Benín;Benim ;????;????;2026;92;-21;54,6;-7,21
BOL;54,25;91;37,39;117;36,26;117;62,24;80;60,96;85;74,41;92;Amériques;Bolivie;Bolivia;Bolivia;Bolívia ;???????;?????;2026;93;2;54,09;0,16
ECU;44,37;125;37,12;119;37,69;108;55,45;101;50,2;121;41,36;143;Amériques;Équateur;Ecuador;Ecuador;Equador ;?????????;???????;2026;94;-31;53,76;-9,39
LAO;32,54;154;28,24;143;31,15;151;27,83;161;33,7;156;41,75;142;Asie-Pacifique;Laos;Laos;Laos;Laos ;????;?????;2026;150;-4;33,22;-0,68
KWT;40,44;136;29,4;139;36,47;116;31,39;158;30,3;160;74,65;91;MENA;Koweït;Kuwait;Kuwait;Kuwait ;??????;????;2026;128;-8;44,06;-3,62
BRN;52,58;96;42,65;96;45,44;68;39,63;140;42,3;136;92,86;23;Asie-Pacifique;Brunei;Brunei;Brunéi;Brunei ;??????;?????;2026;97;1;53,47;-0,89
SWZ;51,94;101;39,06;114;34,14;135;43,93;133;60,72;89;81,85;84;Afrique;Swaziland;Eswatini;Esuatini;Eswatini ;????????;???????? ;2026;98;-3;52,86;-0,92
XKX;55,89;84;49,05;75;41,07;89;72,28;48;63,99;69;53,07;118;UE Balkans;Kosovo;Kosovo;Kosovo;Kosovo ;??????;??????;2026;99;15;52,73;3,16
AGO;48,82;109;35,44;124;27,77;164;50,76;113;58,66;94;71,45;94;Afrique;Angola;Angola;Angola;Angola ;??????;??????;2026;100;-9;52,67;-3,85
MOZ;52,27;99;40,5;104;42,91;77;64,73;70;68,77;58;44,45;135;Afrique;Mozambique;Mozambique;Mozambique;Moçambique ;???????;????????;2026;101;2;52,63;-0,36
MNG;55,79;85;43,74;90;39,37;100;60,68;83;65,21;64;69,95;96;Asie-Pacifique;Mongolie;Mongolia;Mongolia;Mongólia ;???????;????????;2026;102;17;52,57;3,22
GIN;48,45;111;32,79;131;42,03;84;56,88;97;60,86;87;49,68;126;Afrique;Guinée;Guinea;Guinea;Guiné ;?????;????;2026;103;-8;52,53;-4,08
MDV;49,23;108;33,84;129;30,15;157;47,56;126;50,88;118;83,73;77;Asie-Pacifique;Maldives;Maldives;Maldivas;Maldivas ;????????;??????;2026;104;-4;52,46;-3,23
BFA;48,52;110;38,15;116;45,45;67;56,88;98;60,83;88;41,28;144;Afrique;Burkina Faso;Burkina Faso;Burkina Faso;Burkina Faso ;??????? ????;???????????;2026;105;-5;52,25;-3,73
ZWE;44,37;124;30,15;137;35,46;122;52,22;109;49,92;123;54,12;116;Afrique;Zimbabwe;Zimbabwe;Zimbabue;Zimbábue ;????????;????????;2026;106;-18;52,1;-7,73
LSO;54,37;89;47,1;78;30,5;156;47,4;127;62,25;80;84,61;73;Afrique;Lesotho;Lesotho;Lesoto;Lesoto ;??????;??????;2026;107;18;52,07;2,3
TCD;53,9;93;42,13;99;44,49;71;56,02;100;62,28;78;64,58;105;Afrique;Tchad;Chad;Chad;Chade ;????;???;2026;108;15;51,89;2,01
SSD;46,16;118;35,66;123;40,63;91;53,97;107;48,74;127;51,83;120;Afrique;Soudan du Sud;South Sudan;Sudán del Sur;Sudão do Sul ;??????? ???? ???????;????? ?????;2026;109;-9;51,63;-5,47
GNB;51,99;100;38,95;115;36,77;113;57,9;94;52,03;113;74,29;93;Afrique;Guinée-Bissau;Guinea-Bissau;Guinea-Bisáu;Guiné-Bissau ;????? ?????;???? ??????;2026;110;10;51,36;0,63
HTI;50,32;107;45;86;35;128;62,43;79;64,07;68;45,1;132;Amériques;Haïti;Haiti;Haití;Haiti ;?????;??????;2026;111;4;51,061;-0,74
ISR;46,46;116;46,45;83;51,02;54;39,06;142;53,53;109;42,22;140;MENA;Israël;Israel;Israel;Israel ;???????;???????;2026;112;-4;51,055;-4,6
MDG;50,95;103;43,5;91;35,22;125;54,98;102;56,52;101;64,55;106;Afrique;Madagascar;Madagascar;Madagascar;Madagascar ;??????;??????????;2026;113;10;50,8;0,15
GEO;40,77;135;28,02;144;34,46;132;46,92;128;49,6;124;44,85;134;EEAC;Géorgie;Georgia;Georgia;Geórgia ;??????;???????;2026;114;-21;50,53;-9,76
COL;51,66;102;44,97;87;38;105;69,28;55;50,73;119;55,32;114;Amériques;Colombie;Colombia;Colombia;Colômbia ;????????;??????;2026;115;13;49,8;1,86
PHL;46,79;114;39,19;113;34,5;131;49,2;118;57,05;96;54,03;117;Asie-Pacifique;Philippines;Philippines;Filipinas;Filipinas ;???????;??????;2026;116;2;49,57;-2,78
KEN;50,51;106;40,21;107;34,4;133;54,9;103;57,58;95;65,46;104;Afrique;Kenya;Kenya;Kenia;Quênia ;?????;????;2026;117;11;49,41;1,1
GNQ;52,79;94;36,27;122;33,24;138;56,88;99;50,12;122;87,45;58;Afrique;Guinée Équatoriale;Equatorial Guinea;Guinea Ecuatorial;Guiné Equatorial ;????? ??????????;???? ???????;2026;118;24;48,68;4,11
MLI;45,63;121;40,23;106;41,35;86;54,83;104;53,93;107;37,8;150;Afrique;Mali;Mali;Malí;Mali ;????;????;2026;119;-2;48,23;-2,6
MAR;50,55;105;45,37;85;35,11;127;52,39;108;50,92;117;68,94;99;MENA;Maroc / Sahara occ.;Morocco / Western Sahara ;Marruecos / Sáhara Occidental;Marrocos / Saara Ocidental ;??????/??????? ???????;?????/????? ????;2026;120;15;48,04;2,51
TGO;52,56;97;39,38;112;37,45;111;49,94;115;59,97;92;76,07;87;Afrique;Togo;Togo;Togo;Togo ;????;????;2026;121;24;48,03;4,53
NGA;48,11;112;43,36;92;42,65;78;54,63;105;62,07;81;37,84;149;Afrique;Nigeria;Nigeria;Nigeria;Nigéria ;???????;??????;2026;122;10;46,81;1,3
KOR;69,12;47;57,81;51;58,8;35;74,71;42;64,22;67;90,08;40;Asie-Pacifique;Corée du Sud;South Korea;Corea del Sur;Coreia do Sul ;????? ????????;??? ?????;2026;61;14;64,06;5,06
MEX;45,23;122;45,95;84;40,12;94;57,26;95;51,49;115;31,35;160;Amériques;Mexique;Mexico;México;México ;???????;?????;2026;124;2;45,55;-0,32
BDI;46,14;119;40,45;105;39,82;95;48,32;123;49,25;125;52,86;119;Afrique;Burundi;Burundi;Burundi;Burundi ;???????;??????;2026;125;6;45,44;0,7
DZA;37,38;145;22,03;157;29,29;158;36,89;146;42,13;138;56,59;113;MENA;Algérie;Algeria;Argelia;Argélia ;???????;???????;2026;126;-19;44,64;-7,26
IDN;43,02;129;28,88;141;30,79;153;48,47;121;39,01;144;67,96;101;Asie-Pacifique;Indonésie;Indonesia;Indonesia;Indonésia ;?????????;???????;2026;127;-2;44,13;-1,11
SRB;50,79;104;25,75;151;34,36;134;66,53;65;50,65;120;76,64;86;UE Balkans;Serbie;Serbia;Serbia;Sérvia ;?????;???????;2026;96;-8;53,55;-2,76
TUN;40,43;137;30,65;135;32,97;142;43,23;135;48,48;128;46,83;129;MENA;Tunisie;Tunisia;Túnez;Tunísia ;????;????;2026;129;-8;43,48;-3,05
PER;37,86;144;28,57;142;32,16;145;48,36;122;43,18;133;37,04;153;Amériques;Pérou;Peru;Peru;Peru ;????;???;2026;130;-14;42,88;-5,02
CMR;40,88;133;36,91;120;30,83;152;46,74;129;56,74;99;33,17;157;Afrique;Cameroun;Cameroon;Camerún;Camarões ;?????????;??????;2026;131;-2;42,75;-1,87
LBN;46,49;115;47,07;79;32,96;143;49,9;116;42,61;135;59,93;111;MENA;Liban;Lebanon;Líbano;Líbano ;?????;?????;2026;132;17;42,62;3,87
COD;42,16;130;39,44;111;36,24;118;51,13;111;56,65;100;27,34;166;Afrique;RD Congo;DR Congo;RD Congo;RD Congo;??????? ??????? ???????????;?????? ???????? ????;2026;133;3;42,31;-0,15
BLR;27,72;165;13,07;171;39,45;99;22,02;167;39,95;142;24,11;168;EEAC;Bélarus;Belarus;Belarús;Bielorrússia ;????? ???????;????? ????;2026;166;1;25,73;1,99
SLV;38,88;143;22,21;156;38,46;103;44,84;132;43,85;132;45,04;133;Amériques;Salvador;El Salvador;El Salvador;El Salvador ;?????????;???????????;2026;135;-8;41,19;-2,31
SOM;43,84;126;42,21;98;42,12;83;42,83;136;51,79;114;40,27;147;Afrique;Somalie;Somalia;Somalia;Somália ;???????;??????;2026;136;10;40,49;3,35
TJK;32,22;155;19,12;164;27,95;163;37,5;144;35,45;153;41,1;145;EEAC;Tadjikistan;Tajikistan;Tayikistán;Tajiquistão ;?????????;?????????;2026;153;-2;32,21;0,01
GTM;43,21;128;41,57;102;37,9;106;57,06;96;41,77;139;37,76;152;Amériques;Guatemala;Guatemala;Guatemala;Guatemala ;?????????;????????;2026;138;10;40,32;2,89
LKA;40,77;134;37,33;118;38,68;102;47,9;125;29,92;161;50,02;124;Asie-Pacifique;Sri Lanka;Sri Lanka;Sri Lanka;Sri Lanka ;??? ?????;????????;2026;139;5;39,93;0,84
HKG;39,49;140;26,57;148;42,58;79;35,91;148;46,7;129;45,71;131;Asie-Pacifique;Hong Kong;Hong Kong;Hong Kong;Hong Kong ;???? ????;??? ???;2026;140;0;39,86;-0,37
TZA;46,22;117;41,64;101;36,97;112;48,72;120;52,33;112;51,47;121;Afrique;Tanzanie;Tanzania;Tanzania;Tanzânia ;???????;????????;2026;95;-22;53,68;-7,46
HND;41,02;132;32,01;132;35,57;121;45,7;131;45,62;130;46,19;130;Amériques;Honduras;Honduras;Honduras;Honduras ;???????;???????;2026;142;10;38,51;2,51
UGA;41,98;131;27,21;146;32,07;146;42,17;137;44,98;131;63,49;108;Afrique;Ouganda;Uganda;Uganda;Uganda ;??????;???????;2026;143;12;37,61;4,37
KGZ;35,06;146;22,32;155;39,18;101;37,61;143;41,4;140;34,81;155;EEAC;Kirghizistan;Kyrgyzstan;Kirguistán;Quirguistão ;?????????;?????????;2026;144;-2;37,46;-2,4
ETH;34,66;148;26,44;150;34,84;130;48,85;119;36,26;150;26,93;167;Afrique;Éthiopie;Ethiopia;Etiopía;Etiópia ;???????;??????;2026;145;-3;36,92;-2,26
RWA;39,58;139;29,12;140;33,16;139;49,58;117;52,35;111;33,69;156;Afrique;Rwanda;Rwanda;Ruanda;Ruanda ;??????;?????;2026;146;7;35,84;3,74
JOR;39,33;142;29,62;138;33,12;140;33,35;154;38,47;145;62,1;109;MENA;Jordanie;Jordan;Jordania;Jordânia ;??????;????;2026;147;5;35,25;4,08
UZB;34,95;147;25,13;152;34,05;136;39,83;138;31,55;159;44,17;136;EEAC;Ouzbékistan;Uzbekistan;Uzbekistán;Uzbequistão ;?????????;?????????;2026;148;1;35,24;-0,29
BGD;33,05;152;31,09;134;31,67;149;34,38;151;37,6;148;30,51;161;Asie-Pacifique;Bangladesh;Bangladesh;Bangladés;Bangladesh ;????????;???????;2026;149;-3;33,71;-0,66
AFG;19,51;175;21,82;158;27,28;165;12,42;178;20,55;175;15,47;177;Asie-Pacifique;Afghanistan;Afghanistan;Afganistán;Afeganistão ;?????????;?????????;2026;175;0;17,88;1,63
IND;31,96;157;21,16;160;32,63;144;39,59;141;33,65;157;32,77;158;Asie-Pacifique;Inde;India;India;Índia ;?????;???;2026;151;-6;32,96;-1
BTN;33,5;150;31,96;133;24,28;168;19,44;172;21,06;173;70,76;95;Asie-Pacifique;Bhoutan;Bhutan;Bután;Butão ;?????;?????;2026;152;2;32,62;0,88
THA;53,97;92;53,58;63;41,62;85;50,78;112;56,34;102;67,55;103;Asie-Pacifique;Thaïlande;Thailand;Tailandia;Tailândia ;???????;??????;2026;85;-7;56,72;-2,75
YEM;27,89;164;27,24;145;22,13;172;36,19;147;32,03;158;21,83;171;MENA;Yémen;Yemen;Yemen;Iêmen ;?????;???;2026;154;-10;31,45;-3,56
IRQ;28,85;162;20,52;162;23,74;169;34,18;153;35,61;152;30,2;162;MENA;Irak;Iraq;Irak;Iraque ;??????;????;2026;155;-7;30,69;-1,84
SDN;29,02;161;26,56;149;28,55;160;32,19;156;36,09;151;21,71;172;Afrique;Soudan;Sudan;Sudán;Sudão ;???????;?????;2026;156;-5;30,34;-1,32
BHR;24,84;170;12,6;173;22,52;171;22;168;24,72;171;42,39;139;MENA;Bahreïn;Bahrain;Baréin;Bahrein ;???????;?????;2026;157;-13;30,24;-5,4
PAK;32,61;153;25,05;153;28,21;161;34,57;149;34,44;155;40,78;146;Asie-Pacifique;Pakistan;Pakistan;Pakistán;Paquistão ;???????;???????;2026;158;5;29,62;2,99
TUR;27,94;163;20,16;163;26,78;166;31,2;159;28,93;162;32,61;159;EEAC;Turquie;Türkiye;Turquía;Turquia ;?????;?????;2026;159;-4;29,4;-1,46
VEN;30,48;159;13,08;170;28,56;159;32,4;155;40,58;141;37,77;151;Amériques;Venezuela;Venezuela;Venezuela;Venezuela ;???????;???????;2026;160;1;29,21;1,27
KHM;33,28;151;21,16;161;28,11;162;37,13;145;37,95;147;42,06;141;Asie-Pacifique;Cambodge;Cambodia;Camboya;Cambodja ;???????;??????;2026;161;10;28,18;5,1
SAU;19,11;176;12,2;175;33;141;13,13;177;21,39;172;15,81;176;MENA;Arabie Saoudite;Saudi Arabia;Arabia Saudita;Arábia Saudita ;??????? ??????? ????????;??????? ?????;2026;162;-14;27,94;-8,83
PSE;32,09;156;30,43;136;40,93;90;34,45;150;38,03;146;16,61;175;MENA;Palestine;Palestine;Palestina;Palestina ;??????;??????;2026;163;7;27,41;4,68
ARE;30,86;158;21,27;159;35,45;123;17,16;173;25,44;170;54,97;115;MENA;Émirats arabes unis;United Arab Emirates;Emiratos Árabes Unidos;Emirados Árabes Unidos ;???????? ??????? ???????;?????? ????? ????;2026;164;6;26,91;3,95
CUB;29,22;160;18,15;165;23,26;170;16,57;175;27,27;167;60,88;110;Amériques;Cuba;Cuba;Cuba;Cuba ;????;????;2026;165;5;26,03;3,19
SGP;44,57;123;33,98;127;37,59;110;24,82;164;42,21;137;84,23;75;Asie-Pacifique;Singapour;Singapore;Singapur;Cingapura ;????????;???????;2026;123;0;45,78;-1,21
AZE;23,95;171;12,75;172;18,36;176;31,83;157;28,89;163;27,9;164;EEAC;Azerbaïdjan;Azerbaijan;Azerbaiyán;Azerbaijão ;????????;?????????;2026;167;-4;25,47;-1,52
DJI;25,04;167;17,54;166;14,05;179;24,7;165;20,64;174;48,25;127;Afrique;Djibouti;Djibouti;Yibuti;Djibuti ;??????;??????;2026;168;1;25,36;-0,32
MMR;26,38;166;26,79;147;37,68;109;20,94;169;28,69;164;17,82;173;Asie-Pacifique;Birmanie;Myanmar;Birmania;Birmânia ;?????;????;2026;169;3;25,32;1,06
EGY;24,92;169;15,04;168;26,32;167;27,32;162;26,94;169;28,99;163;MENA;Égypte;Egypt;Egipto;Egito ;???;???;2026;170;1;24,74;0,18
RUS;23,15;172;11,76;176;30,75;155;22,18;166;27,24;168;23,8;170;EEAC;Russie;Russia;Rusia;Rússia ;?????;?????;2026;171;-1;24,57;-1,42
NIC;24,98;168;13,94;169;32;147;19,55;171;35,35;154;24,09;169;Amériques;Nicaragua;Nicaragua;Nicaragua;Nicarágua ;?????????;??????????;2026;172;4;22,83;2,15
SYR;39,44;141;40,74;103;37,77;107;39,79;139;43,08;134;35,81;154;MENA;Syrie;Syria;Siria;Síria ;?????;?????;2026;177;36;15,82;23,62
KAZ;34,41;149;23,72;154;31,65;150;34,28;152;39,3;143;43,09;138;EEAC;Kazakhstan;Kazakhstan;Kazajistán;Cazaquistão ;?????????;????????;2026;141;-8;39,34;-4,93
VNM;21,15;174;11,21;178;18,75;174;19,63;170;28,4;165;27,75;165;Asie-Pacifique;Vietnam;Vietnam;Vietnam;Vietnã ;??????;??????;2026;173;-1;19,74;1,41
IRN;17,45;177;15,17;167;18,4;175;16,09;176;20,41;176;17,18;174;MENA;Iran;Iran;Irán;Irã ;?????;?????;2026;176;-1;16,22;1,23
TKM;23,06;173;12,55;174;15,62;177;27,12;163;8,59;179;51,42;122;EEAC;Turkménistan;Turkmenistan;Turkmenistán;Turcomenistão ;??????????;?????????;2026;174;1;19,14;3,92
CHN;13,85;178;8,86;179;21,66;173;11,03;179;15,25;177;12,43;179;Asie-Pacifique;Chine;China;China;China ;?????;???;2026;178;0;14,8;-0,95
PRK;12,67;179;11,26;177;15,24;178;16,97;174;5,07;180;14,83;178;Asie-Pacifique;Corée du Nord;North Korea;Corea del Norte;Coreia do Norte ;????? ????????;??? ?????;2026;179;0;12,64;0,03
ERI;10,24;180;8,04;180;12,15;180;9,9;180;9,57;178;11,54;180;Afrique;Érythrée;Eritrea;Eritrea;Eritreia ;???????;??????;2026;180;0;11,32;-1,08
