Country,Afghanistan,Albania,Algeria,Angola,Antigua and Barbuda,Argentina,Australia,Austria,The Bahamas,Bangladesh,Barbados,Belarus,Belgium,Belize,Benin,Bolivia,Bosnia and Herzegovina,Botswana,Brazil,Bulgaria,Burkina Faso,Cambodia,Cameroon,Canada,Chile,China,Colombia,"Congo, Dem. Rep.","Congo, Rep.",Costa Rica,Côte d'Ivoire,Croatia,Cyprus,Czechia,Denmark,Dominica,Dominican Republic,Ecuador,"Egypt, Arab Rep.",El Salvador,Estonia,Ethiopia,Finland,France,Gabon,The Gambia,Georgia,Germany,Ghana,Greece,Grenada,Guatemala,Guinea,Guyana,Haiti,Honduras,"Hong Kong SAR, China",Hungary,India,Indonesia,"Iran, Islamic Rep.",Ireland,Italy,Jamaica,Japan,Jordan,Kazakhstan,Kenya,"Korea, Rep.",Kosovo,Kuwait,Kyrgyz Republic,Latvia,Lebanon,Liberia,Lithuania,Luxembourg,Madagascar,Malawi,Malaysia,Mali,Malta,Mauritania,Mauritius,Mexico,Moldova,Mongolia,Montenegro,Morocco,Mozambique,Myanmar,Namibia,Nepal,Netherlands,New Zealand,Nicaragua,Niger,Nigeria,North Macedonia,Norway,Pakistan,Panama,Paraguay,Peru,Philippines,Poland,Portugal,Romania,Russian Federation,Rwanda,Senegal,Serbia,Sierra Leone,Singapore,Slovak Republic,Slovenia,South Africa,Spain,Sri Lanka,St. Kitts and Nevis,St. Lucia,St. Vincent and the Grenadines,Sudan,Suriname,Sweden,Tanzania,Thailand,Togo,Trinidad and Tobago,Tunisia,Türkiye,Uganda,Ukraine,United Arab Emirates,United Kingdom,United States,Uruguay,Uzbekistan,"Venezuela, RB",Vietnam,Zambia,Zimbabwe
Country Code,AFG,ALB,DZA,AGO,ATG,ARG,AUS,AUT,BHS,BGD,BRB,BLR,BEL,BLZ,BEN,BOL,BIH,BWA,BRA,BGR,BFA,KHM,CMR,CAN,CHL,CHN,COL,COD,COG,CRI,CIV,HRV,CYP,CZE,DNK,DMA,DOM,ECU,EGY,SLV,EST,ETH,FIN,FRA,GAB,GMB,GEO,DEU,GHA,GRC,GRD,GTM,GIN,GUY,HTI,HND,HKG,HUN,IND,IDN,IRN,IRL,ITA,JAM,JPN,JOR,KAZ,KEN,KOR,XKX,KWT,KGZ,LVA,LBN,LBR,LTU,LUX,MDG,MWI,MYS,MLI,MLT,MRT,MUS,MEX,MDA,MNG,MNE,MAR,MOZ,MMR,NAM,NPL,NLD,NZL,NIC,NER,NGA,MKD,NOR,PAK,PAN,PRY,PER,PHL,POL,PRT,ROU,RUS,RWA,SEN,SRB,SLE,SGP,SVK,SVN,ZAF,ESP,LKA,KNA,LCA,VCT,SDN,SUR,SWE,TZA,THA,TGO,TTO,TUN,TUR,UGA,UKR,ARE,GBR,USA,URY,UZB,VEN,VNM,ZMB,ZWE
Region,South Asia,Eastern Europe and Central Asia,Middle East and North Africa,Sub-Saharan Africa,Latin America and Caribbean,Latin America and Caribbean,East Asia and Pacific,EU + EFTA + North America,Latin America and Caribbean,South Asia,Latin America and Caribbean,Eastern Europe and Central Asia,EU + EFTA + North America,Latin America and Caribbean,Sub-Saharan Africa,Latin America and Caribbean,Eastern Europe and Central Asia,Sub-Saharan Africa,Latin America and Caribbean,EU + EFTA + North America,Sub-Saharan Africa,East Asia and Pacific,Sub-Saharan Africa,EU + EFTA + North America,Latin America and Caribbean,East Asia and Pacific,Latin America and Caribbean,Sub-Saharan Africa,Sub-Saharan Africa,Latin America and Caribbean,Sub-Saharan Africa,EU + EFTA + North America,EU + EFTA + North America,EU + EFTA + North America,EU + EFTA + North America,Latin America and Caribbean,Latin America and Caribbean,Latin America and Caribbean,Middle East and North Africa,Latin America and Caribbean,EU + EFTA + North America,Sub-Saharan Africa,EU + EFTA + North America,EU + EFTA + North America,Sub-Saharan Africa,Sub-Saharan Africa,Eastern Europe and Central Asia,EU + EFTA + North America,Sub-Saharan Africa,EU + EFTA + North America,Latin America and Caribbean,Latin America and Caribbean,Sub-Saharan Africa,Latin America and Caribbean,Latin America and Caribbean,Latin America and Caribbean,East Asia and Pacific,EU + EFTA + North America,South Asia,East Asia and Pacific,Middle East and North Africa,EU + EFTA + North America,EU + EFTA + North America,Latin America and Caribbean,East Asia and Pacific,Middle East and North Africa,Eastern Europe and Central Asia,Sub-Saharan Africa,East Asia and Pacific,Eastern Europe and Central Asia,Middle East and North Africa,Eastern Europe and Central Asia,EU + EFTA + North America,Middle East and North Africa,Sub-Saharan Africa,EU + EFTA + North America,EU + EFTA + North America,Sub-Saharan Africa,Sub-Saharan Africa,East Asia and Pacific,Sub-Saharan Africa,EU + EFTA + North America,Sub-Saharan Africa,Sub-Saharan Africa,Latin America and Caribbean,Eastern Europe and Central Asia,East Asia and Pacific,Eastern Europe and Central Asia,Middle East and North Africa,Sub-Saharan Africa,East Asia and Pacific,Sub-Saharan Africa,South Asia,EU + EFTA + North America,East Asia and Pacific,Latin America and Caribbean,Sub-Saharan Africa,Sub-Saharan Africa,Eastern Europe and Central Asia,EU + EFTA + North America,South Asia,Latin America and Caribbean,Latin America and Caribbean,Latin America and Caribbean,East Asia and Pacific,EU + EFTA + North America,EU + EFTA + North America,EU + EFTA + North America,Eastern Europe and Central Asia,Sub-Saharan Africa,Sub-Saharan Africa,Eastern Europe and Central Asia,Sub-Saharan Africa,East Asia and Pacific,EU + EFTA + North America,EU + EFTA + North America,Sub-Saharan Africa,EU + EFTA + North America,South Asia,Latin America and Caribbean,Latin America and Caribbean,Latin America and Caribbean,Sub-Saharan Africa,Latin America and Caribbean,EU + EFTA + North America,Sub-Saharan Africa,East Asia and Pacific,Sub-Saharan Africa,Latin America and Caribbean,Middle East and North Africa,Eastern Europe and Central Asia,Sub-Saharan Africa,Eastern Europe and Central Asia,Middle East and North Africa,EU + EFTA + North America,EU + EFTA + North America,Latin America and Caribbean,Eastern Europe and Central Asia,Latin America and Caribbean,East Asia and Pacific,Sub-Saharan Africa,Sub-Saharan Africa
Income Group,Low,Upper-middle,Lower-middle,Lower-middle,High,Upper-middle,High,High,High,Lower-middle,High,Upper-middle,High,Upper-middle,Lower-middle,Lower-middle,Upper-middle,Upper-middle,Upper-middle,Upper-middle,Low,Lower-middle,Lower-middle,High,High,Upper-middle,Upper-middle,Low,Lower-middle,Upper-middle,Lower-middle,High,High,High,High,Upper-middle,Upper-middle,Upper-middle,Lower-middle,Upper-middle,High,Low,High,High,Upper-middle,Low,Upper-middle,High,Lower-middle,High,Upper-middle,Upper-middle,Lower-middle,High,Lower-middle,Lower-middle,High,High,Lower-middle,Upper-middle,Lower-middle,High,High,Upper-middle,High,Lower-middle,Upper-middle,Lower-middle,High,Upper-middle,High,Lower-middle,High,Lower-middle,Low,High,High,Low,Low,Upper-middle,Low,High,Lower-middle,Upper-middle,Upper-middle,Upper-middle,Lower-middle,Upper-middle,Lower-middle,Low,Lower-middle,Upper-middle,Lower-middle,High,High,Lower-middle,Low,Lower-middle,Upper-middle,High,Lower-middle,High,Upper-middle,Upper-middle,Lower-middle,High,High,High,Upper-middle,Low,Lower-middle,Upper-middle,Low,High,High,High,Upper-middle,High,Lower-middle,High,Upper-middle,Upper-middle,Low,Upper-middle,High,Lower-middle,Upper-middle,Low,High,Lower-middle,Upper-middle,Low,Lower-middle,High,High,High,High,Lower-middle,Upper-middle,Lower-middle,Lower-middle,Lower-middle
WJP Rule of Law Index: Overall Score,0.31621326,0.48284778,0.49405071,0.42643447,0.63668172,0.54586512,0.79796449,0.79357041,0.58954307,0.38610905,0.65881765,0.44654317,0.78135737,0.49503105,0.47632851,0.36758422,0.51937219,0.58929817,0.49739228,0.55796103,0.46141529,0.31039134,0.35741488,0.79733545,0.65724766,0.47311808,0.48053513,0.34324139,0.40244352,0.67574259,0.45057940,0.61077850,0.67089212,0.73982680,0.89921528,0.57644631,0.49337793,0.46215188,0.35082608,0.43150641,0.81705615,0.37128851,0.87469679,0.72474320,0.39680261,0.48998610,0.59563626,0.83428785,0.54757786,0.60171063,0.60137741,0.44339566,0.41079945,0.50021559,0.33108139,0.41684770,0.72188342,0.51296332,0.49752571,0.52767379,0.38568013,0.82034641,0.65988117,0.57034959,0.78634689,0.54807044,0.53606728,0.45284287,0.74011755,0.55851358,0.58333446,0.45330772,0.73284030,0.44160743,0.44138477,0.77354717,0.82964845,0.42890418,0.51954548,0.57010232,0.39381025,0.67140954,0.36364004,0.60329895,0.41475340,0.53648993,0.53435940,0.56883058,0.47871511,0.38889221,0.33550159,0.61160147,0.52076532,0.82639164,0.83377974,0.33622265,0.42814604,0.40427035,0.53428682,0.89210520,0.37905464,0.51764745,0.45809617,0.48223151,0.46067093,0.65937648,0.67749664,0.62023322,0.42842878,0.63431696,0.55213630,0.47471312,0.43369365,0.78260907,0.65882590,0.68934384,0.56349171,0.71456847,0.50665445,0.63569126,0.61657485,0.61626568,0.35255172,0.49366733,0.85638265,0.46636541,0.49771263,0.44538375,0.51164143,0.50358156,0.41554075,0.38799231,0.48694407,0.63529858,0.78498046,0.69899588,0.71936750,0.49451741,0.26071330,0.49646699,0.45235984,0.39673189
Factor 1: Constraints on Government Powers,0.34776721,0.42538662,0.48038703,0.40483418,0.61657498,0.55761621,0.81564114,0.82135999,0.58876008,0.36485157,0.64941977,0.25754477,0.81085278,0.47976509,0.48697529,0.35176632,0.46284021,0.60659666,0.51470869,0.52010530,0.48858902,0.25315578,0.37203448,0.82185856,0.70922050,0.31729341,0.49766859,0.39376313,0.35742302,0.75909678,0.38674954,0.56961659,0.66646169,0.74760122,0.94195622,0.52507844,0.50989218,0.50809120,0.23813237,0.36490380,0.82387731,0.32854134,0.91987374,0.72659971,0.30657972,0.57763166,0.51783958,0.85983044,0.65975245,0.64423464,0.57990134,0.48737231,0.37061074,0.53171238,0.35339141,0.39452124,0.55718092,0.35934788,0.56051696,0.63649866,0.32466538,0.83745471,0.70083722,0.63154871,0.72417967,0.46805255,0.44913065,0.48420034,0.71360408,0.56504499,0.54003186,0.43137701,0.70479850,0.47834465,0.50316574,0.76319801,0.81543698,0.42010232,0.57485443,0.56858484,0.40773979,0.62911664,0.34343992,0.57103529,0.43018681,0.53057735,0.52760163,0.54641975,0.51447223,0.40796321,0.26382237,0.65477974,0.58942251,0.83439500,0.85707448,0.22428175,0.36866082,0.48658961,0.47481613,0.91546153,0.44762915,0.53631326,0.49385155,0.57967429,0.47667958,0.60638470,0.74629756,0.59665985,0.31032399,0.61231518,0.54614809,0.34288572,0.46748623,0.68130590,0.64321274,0.65632037,0.61396245,0.70010901,0.51372923,0.62305187,0.60085460,0.57977588,0.27140813,0.48687949,0.85600732,0.49770256,0.45985756,0.36544155,0.51811730,0.50532929,0.28537766,0.38093363,0.46417715,0.57998547,0.81860519,0.66924904,0.76607124,0.37172701,0.18033435,0.47294826,0.46343089,0.32970399
1.1 Government powers are effectively limited by the legislature,0.48988822,0.43437940,0.51195330,0.49324207,0.54923583,0.59713094,0.84908267,0.83999570,0.58393992,0.53184707,0.76025585,0.26042037,0.83117075,0.53317650,0.48117444,0.38745791,0.52440760,0.63316851,0.63159752,0.60519989,0.53503525,0.38189123,0.39804323,0.77554961,0.69888691,0.34339356,0.56778986,0.49113130,0.38493587,0.77064503,0.41292998,0.56996580,0.73133780,0.74206014,0.90876494,0.41283803,0.58750511,0.59921524,0.08752586,0.41896243,0.81180907,0.41565284,0.86999236,0.70916189,0.37996981,0.72030949,0.55534141,0.83013574,0.75644294,0.60836869,0.52880816,0.60594317,0.43694919,0.60443996,0.34789440,0.43153018,0.53871987,0.34803645,0.66340502,0.75998309,0.36293475,0.85159508,0.71555944,0.61720791,0.62838771,0.46899903,0.47974873,0.59345348,0.67467275,0.62256725,0.57558594,0.49671281,0.73172113,0.64666577,0.52344843,0.76961515,0.86349462,0.43609742,0.59109031,0.57281025,0.50426717,0.52182367,0.35973173,0.61304283,0.45723861,0.66134879,0.65858340,0.59323072,0.58536083,0.51269654,0.24259339,0.72662690,0.72383852,0.79386095,0.86455947,0.35918704,0.48568798,0.65088297,0.52208236,0.92867219,0.54882211,0.56309286,0.62287328,0.68746132,0.55325058,0.56446835,0.82607483,0.68740064,0.34326117,0.52741162,0.52604565,0.35068324,0.55628591,0.48631744,0.66535245,0.69267960,0.58557336,0.71967955,0.50733854,0.59543459,0.64400143,0.53393817,0.23711112,0.53049697,0.79917612,0.55925508,0.49905448,0.45618746,0.60823665,0.44283102,0.38329597,0.39994102,0.52876119,0.52774636,0.83321683,0.67879647,0.77215714,0.32227569,0.32513801,0.40685459,0.48796817,0.33553962
1.2 Government powers are effectively limited by the judiciary,0.30634894,0.29519334,0.44345108,0.39353783,0.72716720,0.44146181,0.83143694,0.81446757,0.59401987,0.46297069,0.77334014,0.24892233,0.77509009,0.54165076,0.41711850,0.27319624,0.38857556,0.63100902,0.57371574,0.46376792,0.46453781,0.23356342,0.30361446,0.84201633,0.59441617,0.26958438,0.48105207,0.37775613,0.33311510,0.70026719,0.36036859,0.46119351,0.60611673,0.72999778,0.95519682,0.56988821,0.45423573,0.47138306,0.31430762,0.34164948,0.82456013,0.32222886,0.89703094,0.66617783,0.27133429,0.66512854,0.43501958,0.82654478,0.63446399,0.62719623,0.69709950,0.47299983,0.30388811,0.60138587,0.35497042,0.34828889,0.59301637,0.38812971,0.60286132,0.65073696,0.33873638,0.83364381,0.68673778,0.69683433,0.71605837,0.47180882,0.45163373,0.50746914,0.60265751,0.46001253,0.57573243,0.27937185,0.65321953,0.43099402,0.49422309,0.67350097,0.80560971,0.37403386,0.64150789,0.62510933,0.35752135,0.65867939,0.25477180,0.65745750,0.40697623,0.42228284,0.49178706,0.41674252,0.50739630,0.40936770,0.37151580,0.72323578,0.59361980,0.84892506,0.87311892,0.29952580,0.37061761,0.47620310,0.31757471,0.94744820,0.46134926,0.47639106,0.39905608,0.52076045,0.50390407,0.56857626,0.71031826,0.56365817,0.30551136,0.55771657,0.45921649,0.30810309,0.40285714,0.74747747,0.56478165,0.60968042,0.67000684,0.63750646,0.56756060,0.69860240,0.69699922,0.60345055,0.27046162,0.57747893,0.82337102,0.52816715,0.56354889,0.33748397,0.62149114,0.40603995,0.31597371,0.38402571,0.31582454,0.55844434,0.82156979,0.68089734,0.72843801,0.35674438,0.12923890,0.38678765,0.37150594,0.30703789
1.3 Government powers are effectively limited by independent auditing and review,0.38955266,0.49363988,0.49053571,0.38639159,0.56984446,0.51112506,0.75736714,0.79078757,0.51333908,0.32092382,0.39881200,0.26989622,0.83849961,0.32980634,0.41643146,0.27353365,0.54478975,0.53941551,0.40715782,0.50436327,0.49247471,0.18148017,0.43351886,0.76024045,0.80589860,0.43557520,0.47386498,0.37860184,0.33095383,0.77035127,0.44780693,0.58051278,0.70427524,0.77310193,0.95950699,0.69405977,0.36438543,0.47670288,0.26259463,0.24186075,0.86935801,0.35477580,0.96869431,0.75950624,0.36552613,0.30143602,0.57242767,0.90029100,0.65548192,0.65664944,0.41762277,0.33581928,0.34814693,0.45640372,0.36120245,0.35882551,0.52591864,0.26016330,0.52341201,0.54647006,0.36515765,0.85903473,0.74302797,0.65218548,0.73750047,0.53903375,0.47397119,0.45273710,0.83074515,0.55955846,0.37674938,0.41133736,0.73390930,0.46572295,0.46013239,0.80658684,0.83549893,0.45627753,0.49064271,0.58207542,0.34774044,0.63818952,0.37160094,0.39772171,0.37880272,0.52500777,0.43552659,0.64575920,0.49199851,0.40137111,0.16651423,0.49999912,0.51217538,0.87097488,0.83297874,0.06108773,0.25860085,0.46609401,0.56182538,0.82153595,0.42173846,0.46928025,0.34756066,0.56156136,0.43491184,0.58275988,0.69304271,0.48912521,0.29861581,0.65109842,0.50951228,0.37293189,0.45397517,0.71502811,0.65578390,0.64651536,0.57708054,0.71132740,0.40728752,0.64027385,0.38574923,0.56178513,0.17446018,0.38055222,0.92478069,0.46123506,0.37884246,0.34010776,0.30921489,0.49935476,0.19180144,0.43451375,0.41699413,0.75057731,0.81254704,0.67565308,0.72153318,0.31534899,0.08723704,0.51884987,0.49649678,0.44379682
1.4 Government officials are sanctioned for misconduct,0.29238367,0.37315069,0.53824114,0.35885353,0.44835067,0.35568740,0.75625825,0.77095346,0.44157058,0.32475498,0.42362764,0.39485548,0.75177903,0.27738360,0.48565904,0.26083172,0.39194176,0.52640549,0.27702297,0.34433495,0.43654245,0.24066174,0.37061684,0.75714416,0.55596877,0.47825936,0.37110967,0.35829013,0.35335668,0.59927645,0.37745236,0.47903825,0.51703925,0.60673491,0.92560049,0.39618850,0.35348243,0.34968988,0.38228804,0.27958408,0.77965536,0.32993246,0.92996341,0.66762126,0.24948240,0.41487473,0.36702687,0.83136985,0.49208793,0.48841014,0.48812918,0.31587554,0.30673013,0.37327476,0.21450512,0.24723855,0.68902098,0.34040259,0.36727036,0.57242081,0.33865083,0.73296629,0.58287077,0.44271873,0.70990577,0.53477065,0.46871485,0.32994444,0.67269815,0.47250777,0.62604705,0.43283556,0.62697260,0.32324178,0.34522790,0.71379380,0.72449997,0.35307000,0.46188236,0.56392769,0.26904302,0.52327331,0.28554101,0.48988222,0.26022756,0.36923229,0.44768675,0.41277839,0.49901939,0.35560898,0.27398476,0.58584804,0.47633857,0.80059896,0.80318340,0.11382330,0.30457932,0.41182016,0.35089970,0.88406113,0.32191773,0.31870618,0.33900931,0.42383918,0.38437069,0.49797410,0.58525043,0.48424857,0.29381414,0.78020811,0.50073161,0.23135461,0.34854897,0.88439063,0.45684818,0.50806592,0.44749106,0.62131993,0.40987776,0.47037526,0.49502232,0.50876354,0.25025833,0.37273166,0.80838166,0.49474804,0.42389944,0.29756529,0.30106275,0.47179574,0.24157849,0.38586255,0.29532698,0.74145786,0.75790800,0.54528216,0.69197176,0.42453702,0.10286361,0.62955472,0.50820912,0.36932168
1.5 Government powers are subject to non-governmental checks,0.36105010,0.49741268,0.39977853,0.39180294,0.63906448,0.70189318,0.78547810,0.78183665,0.64048635,0.24777330,0.73492969,0.18837836,0.79303970,0.56212333,0.48100859,0.47184139,0.43250540,0.59536658,0.53389602,0.60355387,0.52726953,0.24681739,0.34850338,0.84654309,0.71651749,0.10818607,0.50758360,0.37403128,0.27926764,0.80824936,0.32438968,0.62844154,0.63285213,0.73122542,0.93146330,0.51095680,0.66550332,0.55260258,0.07132818,0.42625070,0.78105918,0.23487654,0.87758072,0.68283403,0.31912012,0.61847589,0.64316986,0.82864688,0.69626039,0.63119769,0.64696321,0.60311152,0.48322521,0.56814437,0.51567499,0.51110406,0.45135745,0.40007812,0.51249127,0.61796765,0.17305514,0.80023327,0.66907406,0.63763129,0.72164379,0.38315014,0.38303320,0.53378776,0.66150823,0.59556235,0.50701234,0.53239586,0.68394727,0.54719706,0.57339367,0.74955142,0.75889792,0.45743248,0.58625386,0.47157875,0.51189473,0.62525012,0.33719231,0.58437223,0.47375633,0.57455021,0.58789042,0.61665124,0.45356508,0.38923953,0.20148424,0.69784455,0.60848612,0.79326450,0.82987756,0.30988863,0.37597812,0.49049134,0.55278875,0.93922988,0.47973667,0.65368081,0.62294552,0.62762566,0.50859604,0.65576410,0.77716697,0.67279779,0.30078279,0.45782262,0.58690024,0.42834787,0.51838129,0.47959594,0.67407840,0.67564872,0.69795290,0.68652119,0.56500209,0.63854301,0.63250506,0.56624535,0.39253825,0.51025598,0.85564186,0.43112317,0.50752012,0.41136441,0.60311046,0.52726425,0.25177818,0.34876434,0.58182127,0.31172987,0.82511884,0.70599725,0.77878737,0.39285448,0.25224033,0.40331463,0.40249177,0.26137630
1.6 Transition of power is subject to the law,0.24737967,0.45854373,0.49836241,0.40517713,0.76578721,0.73839886,0.91422372,0.93011901,0.75920466,0.30083957,0.80555328,0.18279585,0.87553748,0.63445001,0.64045969,0.44373699,0.49482120,0.71421482,0.66486206,0.59941190,0.47567435,0.23452072,0.37791011,0.94965771,0.88363503,0.26876187,0.58461136,0.38276809,0.46290900,0.90579137,0.39754970,0.69854769,0.80714900,0.90248716,0.97120478,0.56653930,0.63424106,0.59895354,0.31074992,0.48111535,0.87682213,0.31378155,0.97598074,0.87429699,0.25404559,0.74556527,0.53405206,0.94199438,0.72377754,0.85358566,0.70078520,0.59048449,0.34472485,0.58662563,0.32610106,0.47014028,0.54505223,0.41927710,0.69366178,0.67141338,0.36945755,0.94725508,0.80775330,0.74271452,0.83158190,0.41055294,0.43768224,0.48781011,0.83934270,0.68006157,0.57906401,0.43560862,0.79902113,0.45624634,0.62256897,0.86613988,0.90462071,0.44370263,0.67774943,0.59600759,0.45597201,0.80748385,0.45180173,0.68373528,0.60411940,0.63104223,0.54413557,0.59335641,0.54949326,0.37949536,0.32684179,0.69512404,0.62207666,0.89874568,0.93872879,0.20217798,0.41650106,0.42404607,0.54372590,0.97182183,0.45221066,0.73672838,0.63166447,0.65679775,0.47504426,0.76876551,0.88593214,0.68272871,0.31995866,0.69963375,0.69448229,0.36589365,0.52486890,0.77502578,0.84243185,0.80533218,0.70567002,0.82429951,0.62530886,0.69508211,0.75085034,0.70447254,0.30361929,0.54976118,0.92469258,0.51168682,0.38628000,0.34994041,0.66558795,0.68469005,0.32783818,0.33249444,0.64633481,0.58995708,0.86127061,0.72886790,0.90353998,0.41860150,0.18528819,0.49232809,0.51391356,0.26115163
Factor 2: Absence of Corruption,0.30491075,0.36657281,0.45255637,0.43623786,0.62774347,0.45796631,0.82943566,0.78864887,0.63493358,0.33063226,0.70154993,0.48960891,0.79537871,0.45474935,0.40093299,0.22811355,0.43710205,0.57447451,0.44599307,0.45287288,0.43213451,0.23192858,0.24950599,0.82495259,0.68857670,0.53563663,0.39485392,0.16909585,0.30399986,0.63262198,0.34963331,0.57249642,0.63556015,0.67682198,0.94687324,0.61143507,0.40639649,0.36472289,0.37493182,0.34730799,0.81921227,0.41270220,0.90152491,0.75055594,0.24858700,0.47023001,0.66834327,0.83767260,0.38727278,0.56850725,0.65599354,0.34455057,0.29089769,0.45116858,0.23418963,0.31947532,0.83749685,0.49035166,0.40594863,0.41553034,0.37602256,0.82944136,0.64548384,0.53382508,0.81890045,0.58306270,0.49558472,0.27008728,0.67088944,0.47490722,0.67231128,0.29276185,0.69237746,0.35535052,0.30867084,0.74580395,0.84894964,0.26956086,0.41794027,0.57453683,0.31766263,0.64242270,0.30384942,0.57584867,0.26547228,0.38062708,0.43030821,0.48674166,0.40674768,0.33703302,0.41027721,0.52074755,0.41261210,0.87596941,0.89017275,0.29560861,0.39180797,0.31849130,0.45865744,0.93575965,0.31860232,0.40550239,0.29679247,0.32811748,0.42834571,0.71308540,0.71965730,0.53345149,0.41604718,0.67952463,0.55450280,0.40796149,0.34830891,0.92384801,0.53510549,0.65634875,0.46091733,0.73407272,0.48622544,0.64822843,0.62661010,0.67657496,0.34799074,0.43742276,0.90648251,0.40732414,0.45970963,0.42309407,0.48071377,0.47294654,0.44558733,0.26925984,0.33609880,0.77662539,0.82589648,0.72519864,0.73211627,0.46626351,0.26365057,0.42138079,0.37552978,0.31438274
2.1 Government officials in the executive branch do not use public office for private gain,0.36759636,0.39094176,0.38488632,0.34510444,0.58631843,0.38797647,0.80605866,0.74696319,0.49701702,0.38377849,0.63945980,0.38658884,0.77696256,0.39092282,0.45695377,0.30575904,0.40407339,0.54460912,0.40555248,0.43256339,0.43765206,0.26400194,0.26248862,0.79731290,0.60947344,0.52990436,0.37831548,0.22829609,0.31421329,0.61860028,0.34328623,0.49624047,0.62372036,0.64829855,0.93160545,0.53689807,0.43005279,0.37685198,0.35673425,0.31072861,0.75798449,0.37005879,0.89408910,0.73034281,0.23384028,0.40991654,0.59490351,0.83878475,0.37461768,0.50775186,0.63474426,0.36447883,0.29912434,0.42485183,0.23090697,0.34488550,0.79073266,0.39103709,0.41529067,0.49863317,0.34075350,0.82243191,0.60001173,0.46527033,0.78729090,0.54625133,0.49280653,0.27726732,0.71157630,0.48232349,0.60805967,0.34538916,0.68094260,0.33238208,0.31198867,0.73318875,0.83866389,0.32364849,0.38499775,0.53071690,0.39704853,0.56030681,0.29977514,0.58886836,0.33485184,0.38438044,0.40782487,0.48977609,0.47113892,0.32954347,0.47965486,0.42089124,0.46802907,0.84035826,0.88034111,0.34592080,0.38199726,0.31467077,0.39765531,0.91468263,0.35983509,0.42378357,0.36698639,0.37253859,0.45170557,0.62704329,0.62763087,0.49351286,0.39902721,0.74563346,0.47821464,0.39045457,0.33370193,0.90155890,0.57148322,0.59103967,0.36175563,0.68010454,0.43501588,0.51709407,0.54858021,0.60500629,0.35813740,0.42322357,0.86736501,0.45165455,0.44260805,0.45821853,0.42110487,0.49379609,0.43450136,0.26676232,0.30820368,0.75345387,0.84277136,0.71376050,0.67691767,0.42826289,0.28620877,0.49152436,0.41934235,0.30463177
2.2 Government officials in the judicial branch do not use public office for private gain,0.20624642,0.35068577,0.55489379,0.51296182,0.80173981,0.65356404,0.96638751,0.93286280,0.83425338,0.31528622,0.90076657,0.68488027,0.93256930,0.63572330,0.47887040,0.15805939,0.50882478,0.75091604,0.69335900,0.55784989,0.50757545,0.13492656,0.30868426,0.94295218,0.82016462,0.50821571,0.58568247,0.17210857,0.41892949,0.76219129,0.37295695,0.70035778,0.83444117,0.85734154,0.99036317,0.86284026,0.50953434,0.37168792,0.47736583,0.50200808,0.96276844,0.37093471,0.97867725,0.90261734,0.38833894,0.55946137,0.71436247,0.95319642,0.53232003,0.76619989,0.83526815,0.40831444,0.27171123,0.62633455,0.32676021,0.36635468,0.93752719,0.71181626,0.47948307,0.35140771,0.46293924,0.96162730,0.82708164,0.83876505,0.97609521,0.71984585,0.57336212,0.45949875,0.88573564,0.46876651,0.70479898,0.34688802,0.84086617,0.41408219,0.30474173,0.83087160,0.93394886,0.26063806,0.53155889,0.77520381,0.20370442,0.84053754,0.41858566,0.79507667,0.31041727,0.45572657,0.52541351,0.58493901,0.40339973,0.34952293,0.23759218,0.82803705,0.38512407,0.97009499,0.97519627,0.23362248,0.45498814,0.44200558,0.49581295,0.98537307,0.40281649,0.47775840,0.36522826,0.43777738,0.38858797,0.86905734,0.87531659,0.70670043,0.51535035,0.65897506,0.60723358,0.46399901,0.34560768,0.95442759,0.67925008,0.80938902,0.70761834,0.87227720,0.64556558,0.91522542,0.87184292,0.86805966,0.39459143,0.61754642,0.97473965,0.42611273,0.67247667,0.43334733,0.74978693,0.48939978,0.54260504,0.34471878,0.51105741,0.83208916,0.95940606,0.89805516,0.89473405,0.44996999,0.13754736,0.41131130,0.51378424,0.41535814
2.3 Government officials in the police and the military do not use public office for private gain,0.40976999,0.51832020,0.47676239,0.49211696,0.72989949,0.59181737,0.90363956,0.91269774,0.81401605,0.27496885,0.81875145,0.61834714,0.88469608,0.57655008,0.45628022,0.26881392,0.57137084,0.70770546,0.60188294,0.63100912,0.55582068,0.20984921,0.23910819,0.88452488,0.80993582,0.64268431,0.51516765,0.19227208,0.29718178,0.73704327,0.42835124,0.75975021,0.66762233,0.80888581,0.97028094,0.74765012,0.47344633,0.51728987,0.40053752,0.49432623,0.94478747,0.42941095,0.97465195,0.85680326,0.28037607,0.48670166,0.87085666,0.91787134,0.38095212,0.75999503,0.75694352,0.52071999,0.34883655,0.41139518,0.32577996,0.46328565,0.90492209,0.69982850,0.42155118,0.50909317,0.46883539,0.84602422,0.84404707,0.58949602,0.93201676,0.76752093,0.54318522,0.26231543,0.78025832,0.60438421,0.78585299,0.35569158,0.75755004,0.51554778,0.38139430,0.80876738,0.88223798,0.33812567,0.40048590,0.60167287,0.31935948,0.80426102,0.26443572,0.60836406,0.30077652,0.52026046,0.61306974,0.54989401,0.44363554,0.35444123,0.46032254,0.55152756,0.61548450,0.90620741,0.92780765,0.42191366,0.45318257,0.33347735,0.63437575,0.95907380,0.28871871,0.56885276,0.29216718,0.39704475,0.49327363,0.83778313,0.87065242,0.68672683,0.52447819,0.71633974,0.69414985,0.54990293,0.35641045,0.93568181,0.63029735,0.76990963,0.55570970,0.87314094,0.55810836,0.76815056,0.69310751,0.75978997,0.37509493,0.53634967,0.95768604,0.37246241,0.45419678,0.43843663,0.55700668,0.57202810,0.63883522,0.26965603,0.44112920,0.81585616,0.85523754,0.82074930,0.82161559,0.42731105,0.31924633,0.43806349,0.31746376,0.30990531
2.4 Government officials in the legislative branch do not use public office for private gain,0.23603024,0.20634352,0.39368299,0.39476821,0.39301615,0.19850735,0.64165689,0.56207173,0.39444786,0.34849548,0.44722191,0.26861938,0.58728691,0.21580118,0.21162756,0.17982184,0.26413919,0.29466740,0.08317788,0.19006910,0.22748987,0.31893662,0.18774290,0.67502041,0.51473291,0.46174216,0.10025007,0.08370667,0.18567489,0.41265310,0.25393881,0.33363720,0.41645675,0.39276202,0.89524342,0.29835181,0.21255251,0.19306180,0.26508969,0.08216906,0.61130868,0.48040436,0.75868136,0.51246036,0.09179270,0.42484049,0.49325045,0.64083789,0.26120128,0.24008223,0.39701823,0.08468904,0.24391862,0.34209275,0.05331137,0.10337544,0.71680544,0.15872477,0.30746960,0.30298729,0.23156211,0.68768201,0.31079490,0.24176890,0.58019892,0.29863270,0.37298502,0.08126763,0.30598748,0.34415467,0.59053348,0.12307865,0.49015104,0.15939002,0.23655866,0.61038809,0.74094781,0.15583122,0.35471854,0.39055374,0.35053808,0.36458540,0.23260114,0.31108560,0.11584351,0.16214086,0.17492472,0.32235754,0.30881652,0.31462446,0.46353926,0.28253434,0.18181077,0.78721697,0.77734595,0.18097751,0.27706391,0.18381150,0.30678574,0.88390910,0.22303900,0.15161485,0.16278805,0.10510918,0.37981568,0.51845785,0.50502931,0.24686585,0.22533296,0.59715024,0.43841313,0.22748945,0.35751559,0.90372372,0.25939132,0.45505668,0.21858565,0.51076819,0.30621195,0.39244366,0.39290977,0.47344391,0.26413919,0.17257139,0.82613934,0.37906687,0.26955702,0.36237380,0.19495663,0.33656220,0.16640772,0.19590223,0.08400492,0.70510236,0.64617096,0.46822960,0.53519778,0.55951010,0.31159980,0.34462402,0.25152877,0.22763572
Factor 3: Open Government ,0.32557911,0.47301970,0.35820257,0.37382957,0.52308494,0.60673278,0.80892903,0.67866633,0.47583759,0.40236004,0.54772446,0.30676598,0.76142489,0.44933885,0.38654829,0.44105655,0.48596581,0.46955850,0.59048532,0.59955506,0.45380484,0.23108960,0.34388034,0.79626387,0.69724004,0.40729047,0.61696541,0.34186476,0.33237718,0.68692307,0.35706447,0.59942808,0.59723078,0.71572564,0.85506394,0.49028471,0.56754330,0.52153297,0.23201055,0.43469078,0.81138377,0.30320765,0.85702091,0.73800228,0.37105548,0.38409673,0.58596774,0.79281259,0.50905521,0.60148099,0.46167494,0.52976261,0.36020276,0.44437427,0.33440886,0.45444255,0.68738361,0.45242989,0.58807968,0.55235331,0.27318816,0.80910733,0.63857378,0.55598044,0.70860709,0.39090932,0.47394853,0.50352848,0.71934514,0.56671282,0.42306751,0.49255487,0.73289433,0.43658737,0.45922245,0.75674025,0.81219683,0.45158797,0.44920535,0.41097878,0.44054567,0.63400615,0.28463599,0.50771136,0.57484341,0.57354764,0.48933933,0.54506026,0.42203957,0.35746002,0.28477894,0.57898355,0.51465027,0.81292557,0.82933181,0.30411581,0.35132204,0.42241415,0.51650965,0.88340318,0.40687583,0.55570300,0.55393888,0.53684274,0.46559113,0.64580409,0.62697766,0.62270491,0.44925287,0.56345389,0.44395817,0.44172971,0.38026171,0.60445950,0.70575860,0.65710898,0.61129219,0.69128174,0.52215325,0.46393126,0.49725890,0.48207310,0.33956560,0.38288211,0.83953115,0.38707670,0.48451512,0.30909453,0.52896672,0.45915935,0.40126785,0.38564496,0.55688315,0.34226165,0.79671407,0.74763714,0.73550986,0.37684298,0.27403459,0.44101896,0.39768921,0.33075091
3.1. Publicized laws and government data ,0.20082394,0.47732283,0.21512530,0.17624306,0.30725062,0.66718606,0.89874211,0.70580246,0.30561280,0.33968775,0.27116784,0.21092426,0.70828070,0.36279025,0.30688055,0.31211164,0.43071285,0.23772669,0.71900468,0.59476903,0.32745795,0.20550411,0.21487633,0.86898381,0.66002628,0.45212154,0.66263965,0.16133619,0.16331280,0.48495366,0.21031978,0.55051023,0.60139517,0.69932538,0.86246535,0.39443206,0.37195143,0.37671750,0.30721596,0.40177093,0.88491546,0.22460235,0.90149735,0.83017220,0.34908908,0.14937479,0.52432835,0.74467693,0.25088907,0.57227609,0.29005690,0.32488413,0.18474149,0.30396079,0.23024789,0.29968190,0.71739058,0.53954661,0.56847696,0.38759503,0.31223672,0.89181508,0.62268271,0.37273089,0.75136737,0.34999001,0.53061639,0.33109567,0.70935891,0.49034379,0.32496429,0.50711103,0.79952178,0.29873620,0.16968478,0.82074776,0.81515087,0.33107983,0.15314257,0.32470102,0.24662453,0.69689717,0.19901189,0.55075054,0.66868432,0.62953039,0.41445101,0.47762062,0.37181940,0.18470301,0.16464730,0.33410091,0.31435901,0.77244372,0.87556826,0.30626559,0.21100921,0.20307597,0.50420680,0.88026017,0.26778010,0.39601676,0.47887466,0.36090674,0.41052854,0.61850981,0.53506563,0.59938367,0.55043345,0.57297991,0.35572060,0.52093368,0.12102172,0.78948665,0.66603169,0.68094187,0.52930645,0.70574504,0.43608337,0.21908198,0.27956856,0.22212451,0.22031299,0.33922656,0.76134447,0.26579041,0.43254770,0.20964302,0.38501374,0.35722222,0.48222689,0.16812452,0.60452822,0.37157816,0.90287730,0.76976931,0.72646315,0.25863489,0.17282966,0.50385715,0.25608846,0.19068510
3.2 Right to information,0.34136569,0.46089115,0.34042805,0.38896185,0.53321954,0.50060041,0.71265822,0.57941032,0.42096301,0.50031316,0.50729957,0.31107028,0.69660858,0.40670077,0.34177787,0.44033603,0.52762498,0.49853771,0.56852687,0.55177553,0.47114146,0.20257601,0.34803807,0.65994474,0.72684839,0.49371132,0.61501666,0.34063597,0.38321326,0.69037182,0.44195525,0.58279006,0.54544657,0.69250980,0.80547291,0.50316995,0.62482848,0.51835557,0.12220760,0.46253798,0.80192021,0.36745912,0.78411712,0.65850146,0.23485003,0.38568789,0.67226661,0.73792578,0.40738071,0.59028638,0.39979448,0.58566293,0.34368970,0.40677955,0.34680322,0.49403582,0.76518722,0.36514844,0.55231834,0.57991038,0.31171677,0.72468575,0.64705542,0.58968442,0.66187090,0.50268383,0.42326645,0.40492693,0.76769257,0.51156002,0.36991301,0.48531998,0.66356239,0.46203338,0.44169411,0.66763645,0.76596210,0.42055987,0.46211635,0.35937879,0.45085692,0.49689112,0.30190225,0.36722046,0.55649450,0.57649754,0.49789210,0.50165071,0.42723522,0.28321555,0.36951059,0.51868383,0.52508801,0.76799815,0.77679442,0.17332581,0.32682648,0.37814486,0.47547882,0.88529060,0.32261281,0.53944963,0.54420259,0.59361149,0.53664868,0.59848590,0.56037210,0.53700900,0.38251220,0.58464157,0.47331874,0.45103351,0.38723160,0.49722367,0.69158065,0.66456381,0.51178055,0.64024786,0.46992458,0.44927622,0.53248935,0.54423293,0.23996581,0.28572960,0.88807546,0.41254650,0.43709567,0.26155907,0.51846448,0.47495318,0.43877698,0.40189779,0.52083544,0.27769625,0.68503286,0.69308358,0.68610971,0.37077544,0.22531657,0.33146070,0.47948904,0.37219237
3.3 Civic participation,0.39083831,0.44585200,0.37901658,0.37746674,0.66250962,0.67116703,0.78183733,0.76832425,0.64683138,0.29347941,0.74518866,0.26967320,0.77668907,0.52248711,0.52255036,0.48672026,0.45789089,0.60952065,0.52260080,0.60598153,0.51615290,0.26880033,0.39774685,0.83882857,0.66469822,0.18205357,0.53007896,0.40710465,0.34744335,0.77410654,0.41799603,0.60212423,0.61294753,0.73355494,0.89838525,0.55354661,0.61218575,0.54039379,0.17311320,0.39165965,0.76786308,0.24122039,0.87854001,0.71154500,0.38639040,0.58699820,0.59612319,0.83894065,0.67649549,0.63942491,0.63655909,0.55506795,0.47968262,0.52877891,0.45422429,0.49770297,0.52925314,0.39914451,0.52669189,0.58427795,0.16203956,0.80363916,0.66067230,0.63357055,0.68807043,0.33933938,0.39006186,0.56779803,0.67504449,0.57923985,0.49615819,0.52356144,0.70487449,0.51172992,0.57531905,0.75917908,0.81388260,0.47776609,0.61044808,0.48615112,0.50595633,0.63555781,0.35796382,0.57767971,0.47880409,0.56263057,0.58560080,0.58631702,0.43407432,0.41537176,0.24940234,0.70709859,0.58914707,0.78370891,0.82542308,0.30353657,0.43437971,0.50945211,0.51441949,0.91575021,0.49520409,0.62005881,0.58498272,0.58940055,0.50562656,0.65142269,0.73114818,0.62580166,0.30655536,0.52397184,0.59682653,0.43194711,0.50315267,0.51390363,0.68415475,0.66554166,0.69006702,0.67624204,0.58377464,0.62647324,0.62048562,0.58490040,0.45942847,0.52501997,0.85062668,0.48966687,0.50065157,0.39741515,0.61784774,0.51392188,0.27927449,0.41854084,0.56003500,0.31195420,0.81812450,0.73896618,0.75786718,0.33904155,0.25863263,0.41478182,0.43769418,0.27973845
3.4 Complaint mechanisms,0.36928850,0.50801281,0.49824034,0.55264665,0.58935998,0.58797761,0.84247847,0.66112829,0.52994316,0.47595984,0.66724176,0.43539617,0.86412123,0.50537726,0.37498438,0.52505830,0.52763452,0.53244897,0.55180892,0.64569415,0.50046705,0.24747793,0.41486010,0.81729837,0.73738726,0.50127545,0.66012639,0.45838225,0.43553931,0.79826025,0.35798681,0.66228781,0.62913385,0.73751244,0.85393226,0.50999023,0.66120752,0.65066503,0.32550543,0.48279458,0.79083634,0.37954873,0.86392918,0.75179048,0.51389240,0.41432605,0.55115280,0.84970702,0.70145555,0.60393657,0.52028929,0.65343542,0.43269724,0.53797782,0.30636004,0.52634953,0.73770349,0.50588001,0.70483154,0.65762989,0.30675961,0.81628934,0.62388468,0.62793591,0.73311967,0.37162407,0.55184941,0.71029328,0.72528460,0.68570764,0.50123455,0.45422702,0.76361866,0.47384998,0.65019185,0.77939769,0.85379176,0.57694609,0.57111438,0.47368420,0.55874491,0.70667850,0.27966598,0.53519474,0.59539073,0.52553206,0.45941340,0.61465270,0.45502933,0.54654977,0.35555554,0.75605088,0.63000700,0.92755148,0.83954148,0.43333525,0.43307276,0.59898364,0.57193348,0.85231176,0.54190631,0.66728681,0.60769555,0.60345219,0.40956075,0.71479797,0.68132475,0.72862530,0.55751047,0.57222225,0.34996679,0.36300454,0.50964083,0.61722403,0.78126732,0.61738857,0.71401473,0.74289204,0.59883042,0.56089359,0.55649205,0.57703454,0.43855513,0.38155229,0.85807798,0.38030302,0.56776554,0.36776088,0.59454093,0.49054014,0.40479306,0.55401669,0.54213393,0.40781798,0.78082162,0.78872947,0.77159939,0.53892006,0.43935951,0.51397616,0.41748514,0.48038771
Factor 4: Fundamental Rights,0.25467936,0.57013449,0.43434621,0.37041352,0.70543354,0.68339024,0.78317576,0.82658130,0.63313302,0.29625705,0.73691997,0.34138392,0.83923374,0.52453637,0.52212958,0.44026649,0.57580137,0.58723549,0.49890180,0.60674372,0.50800379,0.32984929,0.35542263,0.81644916,0.71817817,0.24899948,0.50531808,0.39549575,0.39362955,0.77266530,0.45165094,0.67994105,0.72109984,0.78559760,0.91643453,0.62657328,0.57631040,0.52703006,0.23566253,0.41369973,0.82390337,0.27923419,0.89446575,0.74105430,0.43946525,0.51191614,0.60267556,0.85914266,0.57028193,0.63924633,0.62905351,0.53068422,0.49288284,0.55161599,0.43143716,0.46009234,0.58598459,0.54072565,0.45670468,0.48811175,0.19830094,0.83933879,0.71995854,0.64207236,0.78092414,0.45663101,0.46071335,0.47840165,0.75343306,0.60500018,0.45470543,0.45861940,0.76831048,0.45968135,0.51654177,0.78587088,0.84776991,0.45825988,0.57312177,0.49023393,0.47655112,0.73617663,0.37852579,0.64112437,0.47208519,0.60879778,0.56221483,0.67365919,0.42524233,0.38541084,0.17770557,0.64963880,0.52078584,0.82850119,0.83323591,0.28192836,0.45330675,0.42108898,0.61625566,0.89926969,0.36582169,0.62527941,0.50198970,0.59103901,0.40833060,0.62707043,0.74597979,0.66923259,0.36059401,0.53243210,0.58730383,0.54988675,0.48576341,0.67862306,0.71827732,0.76529060,0.63191532,0.78156746,0.49481663,0.68704831,0.67030212,0.69289198,0.31735424,0.51811445,0.87402749,0.43540895,0.47571572,0.44841953,0.58193802,0.47831534,0.30962979,0.34144850,0.59013987,0.44199600,0.80105701,0.68244985,0.79513387,0.44375388,0.28557583,0.46401011,0.40302872,0.34047801
4.1 Equal treatment and absence of discrimination,0.25389176,0.53614417,0.57870882,0.44218282,0.68327870,0.62029768,0.66262886,0.70100147,0.57335604,0.40676765,0.63361288,0.60239063,0.78707618,0.52651119,0.64264281,0.36415498,0.54720712,0.63273256,0.46032238,0.57976249,0.63378784,0.42580477,0.45388683,0.62499221,0.54681925,0.45525567,0.45520561,0.49688429,0.48999577,0.69251054,0.60904144,0.61846422,0.63489129,0.70915387,0.84264899,0.59963238,0.51234275,0.37506146,0.43805389,0.51986236,0.81492390,0.42437604,0.82272177,0.62749845,0.49190401,0.47462114,0.58094447,0.78295479,0.59472309,0.56972558,0.67358433,0.37759457,0.56513145,0.53606056,0.48201483,0.41996039,0.68631020,0.42533445,0.45040687,0.47102832,0.37292922,0.72218019,0.66030673,0.63311984,0.81188995,0.61246734,0.58612811,0.50381592,0.73535411,0.57752575,0.34714505,0.51634842,0.74967007,0.36156750,0.46755776,0.78029767,0.75861731,0.58768012,0.52152565,0.50647862,0.55947755,0.66726957,0.36157220,0.58443962,0.34102028,0.57572945,0.57101912,0.67106810,0.60059943,0.53234314,0.38328749,0.51751123,0.50987225,0.80548213,0.70576700,0.32863112,0.54571027,0.49382627,0.63260344,0.84101697,0.37658646,0.49022337,0.40676751,0.43981446,0.47115565,0.58578930,0.61490159,0.66594901,0.54782979,0.71538465,0.66224829,0.62756177,0.49330278,0.81664098,0.61624448,0.74151996,0.49516621,0.73887067,0.51417360,0.62139580,0.74022257,0.62334187,0.34648477,0.55269062,0.77473749,0.57118841,0.50924960,0.54595500,0.57691142,0.56030317,0.41097116,0.39143600,0.65242057,0.60297768,0.67809291,0.49566435,0.75003432,0.59160018,0.42564339,0.57155908,0.48427062,0.40974726
4.2 The right to life and security of the person is effectively guaranteed,0.10259038,0.72291620,0.46197737,0.24630323,0.84211310,0.75209323,0.92873998,0.95469269,0.77690477,0.13654996,0.84150172,0.32164391,0.94538393,0.65321340,0.39208356,0.40307828,0.67572469,0.64675739,0.47269368,0.59598865,0.42271512,0.29533782,0.16478769,0.95045735,0.81002168,0.26469745,0.52524700,0.18616951,0.28217395,0.88141165,0.33455318,0.78629123,0.82696922,0.93140590,0.98441559,0.78614334,0.61724187,0.55812799,0.16665994,0.32057655,0.93209063,0.14502876,0.95713132,0.84354539,0.44711779,0.38959450,0.70059877,0.96534917,0.47958266,0.75283375,0.72358240,0.62518565,0.44334852,0.57400553,0.32584138,0.39009812,0.60104744,0.74129672,0.36269042,0.44689678,0.17152532,0.91094130,0.87138348,0.60700127,0.88220597,0.51426650,0.48265419,0.32924141,0.92197795,0.70424160,0.50596938,0.41199902,0.90335050,0.50037216,0.53246361,0.94467988,0.94996164,0.44179341,0.57622213,0.51696486,0.33269124,0.85043861,0.42515932,0.73218859,0.40412257,0.75425284,0.63697567,0.77645900,0.34429941,0.22091674,0.00150376,0.74901456,0.45097618,0.93066057,0.96167695,0.15723563,0.33698082,0.26207327,0.75666558,0.92840315,0.31471639,0.74324879,0.52866751,0.67768578,0.17399208,0.75731896,0.85111289,0.74933142,0.26456639,0.39938828,0.53099030,0.58293571,0.40868054,0.77312739,0.85965028,0.91496769,0.60302564,0.86948236,0.36146475,0.82695928,0.76897246,0.84953632,0.16050877,0.57139634,0.97662289,0.27752765,0.37793483,0.38404679,0.61154970,0.44648712,0.33467867,0.20193829,0.63367348,0.43427316,0.90744020,0.76974519,0.87979865,0.46741877,0.05906614,0.49418784,0.31248450,0.31533093
4.3 Due process of the law and rights of the accused,0.23922942,0.49553360,0.47510018,0.33433671,0.56725048,0.54925515,0.75115140,0.84000361,0.51978212,0.26921395,0.55755730,0.33459059,0.78865985,0.41018513,0.50858294,0.26918309,0.62852001,0.55023727,0.34977248,0.55352837,0.47186557,0.28618455,0.28984035,0.77177487,0.62017558,0.45580422,0.38066419,0.32421994,0.38688960,0.72409457,0.38548491,0.66139551,0.69989778,0.79537781,0.90406891,0.61393333,0.40384765,0.44732694,0.29500694,0.23962728,0.81149241,0.30857032,0.92314287,0.71345118,0.38675718,0.39202222,0.59036940,0.84144803,0.41192992,0.53545944,0.52049339,0.40000651,0.36323248,0.41293596,0.30346896,0.34492970,0.70072864,0.56698807,0.37762825,0.37893192,0.36832806,0.83042919,0.67903345,0.49866575,0.75557771,0.48865694,0.45292211,0.39421115,0.79075808,0.58415261,0.54302883,0.35874123,0.72226908,0.38835354,0.38831269,0.70811511,0.85815761,0.34221392,0.38999020,0.53379166,0.35062190,0.73196602,0.32741466,0.53602539,0.30662396,0.52321945,0.50377219,0.58103734,0.36485620,0.27058591,0.11820091,0.57104903,0.42186517,0.82726255,0.80826831,0.23379444,0.40246509,0.32406155,0.55980048,0.88754407,0.33586087,0.48340316,0.41596713,0.41791312,0.28045763,0.62136550,0.64577217,0.61039231,0.33083282,0.53808810,0.47082140,0.51438900,0.41514979,0.76696834,0.73049785,0.76427079,0.53328427,0.79537281,0.36227022,0.62035407,0.56647442,0.63492926,0.33744175,0.43489571,0.88435189,0.30200048,0.42504314,0.38855982,0.38787488,0.45077885,0.41831125,0.30450277,0.44544136,0.71965377,0.77637982,0.62063524,0.62960221,0.39733685,0.14824489,0.46832913,0.37623189,0.34329710
4.4 Freedom of opinion and expression is effectively guaranteed,0.36105010,0.49741268,0.39977853,0.39180294,0.63906448,0.70189318,0.78547810,0.78183665,0.64048635,0.24777330,0.73492969,0.18837836,0.79303970,0.56212333,0.48100859,0.47184139,0.43250540,0.59536658,0.53389602,0.60355387,0.52726953,0.24681739,0.34850338,0.84654309,0.71651749,0.10818607,0.50758360,0.37403128,0.27926764,0.80824936,0.32438968,0.62844154,0.63285213,0.73122542,0.93146330,0.51095680,0.66550332,0.55260258,0.07132818,0.42625070,0.78105918,0.23487654,0.87758072,0.68283403,0.31912012,0.61847589,0.64316986,0.82864688,0.69626039,0.63119769,0.64696321,0.60311152,0.48322521,0.56814437,0.51567499,0.51110406,0.45135745,0.40007812,0.51249127,0.61796765,0.17305514,0.80023327,0.66907406,0.63763129,0.72164379,0.38315014,0.38303320,0.53378776,0.66150823,0.59556235,0.50701234,0.53239586,0.68394727,0.54719706,0.57339367,0.74955142,0.75889792,0.45743248,0.58625386,0.47157875,0.51189473,0.62525012,0.33719231,0.58437223,0.47375633,0.57455021,0.58789042,0.61665124,0.45356508,0.38923953,0.20148424,0.69784455,0.60848612,0.79326450,0.82987756,0.30988863,0.37597812,0.49049134,0.55278875,0.93922988,0.47973667,0.65368081,0.62294552,0.62762566,0.50859604,0.65576410,0.77716697,0.67279779,0.30078279,0.45782262,0.58690024,0.42834787,0.51838129,0.47959594,0.67407840,0.67564872,0.69795290,0.68652119,0.56500209,0.63854301,0.63250506,0.56624535,0.39253825,0.51025598,0.85564186,0.43112317,0.50752012,0.41136441,0.60311046,0.52726425,0.25177818,0.34876434,0.58182127,0.31172987,0.82511884,0.70599725,0.77878737,0.39285448,0.25224033,0.40331463,0.40249177,0.26137630
4.5 Freedom of belief and religion is effectively guaranteed,0.17994883,0.74619468,0.20940627,0.48419916,0.61809257,0.79727082,0.81048766,0.79362453,0.62907326,0.51157069,0.80666418,0.45470112,0.85234991,0.51494130,0.73509086,0.62803058,0.62043906,0.63577338,0.53047732,0.75344808,0.61151437,0.44005017,0.57925179,0.82746159,0.76249495,0.18116722,0.62780174,0.61716903,0.67790689,0.80835884,0.71028293,0.67672963,0.82182498,0.80913271,0.84424326,0.74355893,0.63634917,0.64689367,0.24144083,0.54498920,0.81504086,0.40861627,0.89092149,0.75634484,0.61834642,0.71207499,0.63452975,0.86160866,0.71563951,0.71161795,0.62803540,0.64660795,0.71154971,0.72274878,0.52984086,0.58696552,0.77667362,0.59849593,0.52191828,0.41678553,0.03459984,0.82352349,0.73739018,0.74178586,0.69333263,0.40552811,0.57898765,0.66283579,0.73967405,0.69200822,0.30603531,0.55261489,0.72689620,0.42066668,0.62525035,0.81088426,0.86105644,0.53774507,0.71976953,0.44814542,0.68697764,0.72750638,0.33729397,0.80096626,0.69496677,0.68495858,0.60999091,0.77882489,0.40513503,0.59912525,0.07777780,0.79990325,0.62104155,0.83973374,0.85152501,0.40526007,0.64770537,0.45957569,0.73903223,0.87588985,0.37459621,0.67014830,0.63463378,0.70261972,0.59095074,0.57564106,0.80432690,0.71315031,0.41161440,0.57133083,0.76543542,0.66980178,0.72721827,0.81034439,0.68317606,0.81416193,0.70814994,0.75602845,0.58955843,0.68115969,0.74241844,0.81342594,0.41986700,0.61155928,0.83180269,0.58173137,0.59954941,0.69169045,0.75371893,0.52531338,0.10740740,0.60243549,0.74647114,0.49072923,0.83294365,0.72094454,0.83778366,0.58275035,0.61500293,0.34437910,0.60570363,0.47884481
4.6 Freedom from arbitrary interference with privacy is effectively guaranteed,0.14389301,0.56897761,0.46220041,0.17083331,0.72679741,0.61941933,0.80570764,0.87810463,0.57107849,0.06045751,0.76576168,0.08954245,0.89873157,0.48235295,0.22559908,0.32198880,0.53431370,0.37949974,0.56645375,0.42832739,0.31127451,0.15614969,0.07332301,0.90742837,0.83134839,0.09656861,0.50707187,0.19398925,0.16540614,0.81240440,0.12639516,0.63289971,0.80539218,0.76107396,0.96225491,0.56549021,0.49090435,0.45750915,0.10130717,0.32204294,0.88562521,0.06168300,0.95714284,0.74258380,0.14852937,0.39621845,0.42559339,0.88841957,0.42092004,0.58235979,0.40196076,0.56663726,0.22640056,0.42124182,0.28543411,0.33959275,0.38518238,0.53101973,0.39173348,0.33046218,0.13135021,0.94215686,0.81378437,0.68103834,0.89821055,0.33581057,0.27869277,0.24222774,0.83911767,0.53469534,0.37647061,0.21218952,0.82769180,0.40553377,0.44659196,0.77419784,0.91299020,0.26279957,0.54780479,0.40508022,0.26164797,0.80145891,0.29892154,0.60115865,0.48441178,0.55021631,0.40002153,0.58071893,0.20356503,0.19241828,0.02495541,0.59180243,0.42993281,0.80753649,0.91105339,0.02859477,0.18717316,0.30645705,0.48686929,0.87359481,0.20071509,0.60425652,0.29520694,0.65599896,0.21361236,0.48044468,0.81623470,0.52242295,0.12206659,0.33415311,0.33476618,0.39906716,0.32356369,0.56670508,0.69489685,0.73845402,0.61364915,0.84938590,0.32133983,0.74331550,0.59975495,0.78465685,0.12647057,0.32888890,0.96829204,0.22097641,0.36883752,0.15689838,0.38169930,0.26605762,0.26152217,0.05759801,0.41179989,0.30171566,0.83023605,0.79060891,0.81952616,0.28616823,0.02244451,0.39869279,0.22367644,0.15992528
4.7 Freedom of assembly and association is effectively guaranteed,0.39177487,0.51281733,0.40613580,0.41681144,0.72045509,0.76703297,0.79784111,0.84008680,0.70889730,0.30084996,0.81001994,0.32405095,0.83785981,0.54999595,0.60490355,0.56485373,0.55327176,0.67163289,0.59945233,0.68410200,0.54737946,0.34904684,0.45166348,0.87500960,0.73519501,0.11374458,0.58470813,0.49494309,0.42989831,0.82717718,0.51850127,0.72746687,0.73568054,0.79330988,0.93343485,0.59440408,0.70826297,0.64183942,0.20645476,0.41534445,0.82180710,0.28297439,0.90272665,0.79551991,0.48382269,0.65618972,0.66409093,0.87232931,0.71924234,0.73339942,0.71775624,0.61922790,0.57342058,0.58488833,0.52647125,0.59468601,0.45554748,0.47180809,0.53193340,0.60960085,0.10418699,0.85322688,0.73753831,0.69931876,0.73203156,0.36871220,0.39561192,0.61555062,0.72193268,0.65023746,0.51044166,0.56369073,0.75230998,0.60758970,0.63273138,0.79155130,0.88170352,0.50943479,0.71062666,0.45951585,0.52569114,0.70249683,0.48631972,0.64052154,0.58235405,0.66989514,0.63488532,0.67909934,0.46807445,0.44104632,0.10744711,0.74152499,0.62390195,0.81189901,0.83449730,0.30345452,0.53671915,0.56965867,0.60222089,0.95256429,0.52816254,0.68239333,0.62218920,0.68357135,0.51583670,0.70493052,0.79100647,0.71144062,0.32994442,0.56127955,0.68414782,0.53788587,0.54050722,0.48232339,0.76861053,0.74939641,0.73045952,0.77265416,0.64778208,0.66758462,0.65145054,0.64398371,0.46681360,0.60953667,0.88328453,0.52140987,0.46416188,0.47688941,0.68951977,0.61735058,0.30206099,0.43690027,0.61963652,0.25247051,0.86542031,0.79303957,0.83699387,0.29666382,0.27883407,0.39847855,0.40988258,0.27899002
4.8 Fundamental labor rights are effectively guaranteed,0.36505648,0.48107967,0.48146231,0.47683852,0.84641653,0.65985954,0.72337138,0.82330006,0.64548582,0.43687337,0.74531235,0.41577338,0.81076897,0.49696769,0.58712524,0.49900110,0.61442919,0.58588408,0.47814640,0.65523889,0.53822394,0.43940312,0.48212453,0.72792622,0.72285298,0.31657199,0.45426249,0.47655964,0.43749809,0.62711583,0.60455892,0.70783965,0.61129062,0.75410122,0.92894640,0.59846717,0.57603111,0.53687925,0.36504851,0.52090432,0.72918771,0.36774821,0.82435833,0.76665676,0.62012444,0.45613218,0.58210791,0.83238486,0.52395748,0.59737704,0.72005232,0.40710238,0.57675423,0.59290255,0.48275089,0.49340214,0.63102950,0.59078405,0.50483548,0.63322078,0.23043274,0.83201918,0.59115775,0.63801777,0.75250096,0.54445629,0.52767689,0.54554285,0.61714172,0.50157809,0.54154031,0.52097555,0.78034889,0.44617043,0.46603276,0.72768960,0.80077468,0.52697970,0.53278135,0.58031603,0.58340682,0.78302663,0.45433260,0.64932268,0.48942577,0.53756023,0.55316344,0.70541472,0.56184401,0.43761156,0.50698782,0.52846038,0.50021071,0.81217051,0.76322176,0.48856771,0.59372201,0.46256799,0.60006463,0.89591451,0.31619933,0.67488099,0.48954002,0.52308305,0.51204364,0.63530931,0.66731664,0.70837629,0.57711488,0.68200964,0.66312099,0.63910485,0.45930367,0.73327895,0.71906411,0.72390529,0.67363492,0.78422410,0.59694200,0.69707447,0.66061848,0.62701652,0.28870923,0.52569208,0.81748654,0.57731420,0.55342925,0.53195194,0.65111967,0.43296773,0.39030851,0.38801283,0.62985474,0.42241811,0.69282433,0.56296374,0.82854471,0.53523839,0.48313034,0.63313975,0.40948835,0.47631234
Factor 5: Order and Security,0.38227201,0.77434323,0.75937118,0.60376617,0.78618135,0.60646565,0.87296067,0.90856942,0.72862050,0.63440881,0.80487538,0.80947775,0.81058567,0.71316668,0.68625299,0.59619578,0.77450448,0.71075415,0.59798450,0.77933414,0.42964155,0.66008806,0.47833266,0.90015452,0.67041427,0.80688629,0.52944553,0.46665543,0.62830661,0.69348218,0.67055538,0.83567824,0.79775300,0.88842701,0.93232388,0.71939652,0.64141771,0.56967528,0.65125693,0.70842405,0.90888649,0.53106349,0.92716639,0.78139165,0.64582233,0.69391095,0.78017100,0.88651262,0.71420975,0.72021424,0.79368958,0.59588425,0.71439183,0.62933198,0.43413720,0.63883158,0.91869886,0.89659159,0.66781128,0.69369464,0.63406877,0.93086601,0.74913394,0.61378617,0.92520583,0.76321765,0.79810083,0.55002102,0.84138801,0.83789651,0.88479745,0.75298147,0.85877172,0.65462784,0.60653073,0.90086861,0.95188999,0.71094405,0.67520954,0.78341399,0.36557546,0.91391372,0.63458858,0.75129207,0.52112720,0.81924610,0.76211739,0.81785832,0.68670525,0.50477011,0.58231325,0.75038518,0.72505809,0.84591430,0.88070633,0.69364816,0.60059144,0.35626533,0.80068444,0.92791239,0.36725865,0.69765919,0.69229695,0.61832748,0.67172651,0.85231623,0.78232472,0.82691207,0.63113817,0.85302436,0.70270780,0.76455770,0.66054191,0.93761804,0.90279869,0.88942232,0.60105586,0.82057656,0.68024430,0.77391430,0.73326341,0.75015782,0.52347359,0.64561298,0.92538802,0.70428539,0.74121017,0.68946076,0.64566498,0.72181840,0.72059845,0.56577422,0.61786205,0.91120772,0.83932079,0.82844566,0.70502753,0.89842946,0.52693291,0.78039236,0.68103853,0.68400789
5.1 Crime is effectively controlled,0.46554742,0.88501909,0.66714814,0.47990277,0.80485995,0.55233381,0.89083865,0.91865718,0.76750801,0.77280806,0.89294500,0.89497744,0.85756035,0.70323992,0.72409321,0.58492497,0.85523324,0.66544662,0.56976658,0.86919601,0.69148566,0.80617791,0.59201383,0.90339456,0.73853821,0.79724641,0.47313181,0.50419123,0.55250068,0.71220581,0.67300548,0.93595005,0.81491283,0.89246789,0.95438788,0.81345113,0.63646300,0.42213163,0.75924343,0.67413417,0.94288210,0.61623943,0.94652646,0.81290346,0.54763310,0.55866596,0.91640559,0.90057094,0.76553018,0.80260325,0.90958345,0.57059157,0.73227464,0.64089412,0.41425371,0.57297681,0.92861448,0.90432747,0.78892280,0.85788535,0.76508747,0.90118217,0.79663719,0.62655003,0.93029016,0.85203137,0.79391780,0.57577575,0.91189011,0.91322747,0.93735513,0.80681362,0.83004588,0.69959324,0.47407515,0.91604031,0.94405564,0.67268125,0.68449553,0.77988188,0.59458862,0.86490685,0.61282443,0.81808509,0.37978656,0.84989932,0.83900504,0.92838979,0.66006963,0.61428868,0.71781966,0.71150353,0.77754196,0.90121540,0.86860875,0.69263536,0.68108550,0.52473096,0.78009343,0.96663140,0.57129871,0.67148250,0.65307921,0.55060063,0.68179563,0.93322734,0.91821932,0.91644245,0.78747637,0.73122324,0.65974537,0.88112453,0.59810445,0.97988931,0.88265695,0.94566176,0.46851600,0.85512920,0.79935377,0.83957323,0.75947559,0.76303754,0.60601305,0.75646452,0.92126862,0.70668641,0.78929753,0.75034540,0.69223261,0.77562817,0.80341181,0.53559087,0.75852802,0.91509462,0.89549265,0.82656507,0.68588618,0.90430065,0.38386081,0.91047466,0.61463969,0.61652900
5.2 Civil conflict is effectively limited,0.31250000,1.00000000,1.00000000,1.00000000,1.00000000,1.00000000,1.00000000,1.00000000,1.00000000,0.91500000,1.00000000,1.00000000,0.89000000,1.00000000,0.82750000,1.00000000,1.00000000,1.00000000,0.85000000,1.00000000,0.16500000,1.00000000,0.54000000,1.00000000,1.00000000,1.00000000,0.83750000,0.56250000,1.00000000,1.00000000,1.00000000,1.00000000,0.95750000,1.00000000,1.00000000,1.00000000,1.00000000,1.00000000,0.91500000,1.00000000,1.00000000,0.50000000,1.00000000,0.97500000,1.00000000,1.00000000,0.97500000,1.00000000,1.00000000,1.00000000,1.00000000,1.00000000,1.00000000,1.00000000,0.75000000,1.00000000,1.00000000,1.00000000,0.88750000,0.80250000,0.58000000,1.00000000,1.00000000,1.00000000,1.00000000,1.00000000,1.00000000,0.74250000,1.00000000,1.00000000,1.00000000,1.00000000,1.00000000,0.93750000,1.00000000,1.00000000,1.00000000,1.00000000,1.00000000,1.00000000,0.16500000,1.00000000,1.00000000,1.00000000,0.97500000,1.00000000,1.00000000,1.00000000,1.00000000,0.65375000,0.50000000,1.00000000,1.00000000,1.00000000,1.00000000,1.00000000,0.57500000,0.12375000,1.00000000,1.00000000,0.21625000,1.00000000,1.00000000,1.00000000,0.82750000,1.00000000,1.00000000,1.00000000,0.76750000,1.00000000,1.00000000,1.00000000,1.00000000,1.00000000,1.00000000,1.00000000,1.00000000,1.00000000,0.91500000,1.00000000,1.00000000,1.00000000,0.50000000,1.00000000,1.00000000,1.00000000,0.93750000,0.88750000,1.00000000,1.00000000,0.81000000,0.92500000,0.50000000,1.00000000,0.91500000,1.00000000,1.00000000,1.00000000,1.00000000,1.00000000,1.00000000,1.00000000
5.3 People do not resort to violence to redress personal grievances,0.36876861,0.43801059,0.61096539,0.33139574,0.55368409,0.26706314,0.72804337,0.80705109,0.41835348,0.21541837,0.52168113,0.53345581,0.68419665,0.43626011,0.50716577,0.20366237,0.46828021,0.46681584,0.37418691,0.46880642,0.43243899,0.17408628,0.30298415,0.79706901,0.27270460,0.62341245,0.27770478,0.33327506,0.33241915,0.36824074,0.33866066,0.57108465,0.62084617,0.77281315,0.84258376,0.34473842,0.28779012,0.28689420,0.27952736,0.45113797,0.78377736,0.47695104,0.83497272,0.55627150,0.38983389,0.52306689,0.44910740,0.75896691,0.37709908,0.35803946,0.47148528,0.21706116,0.41090085,0.24710183,0.13815790,0.34351794,0.82748209,0.78544730,0.32701104,0.42069857,0.55711884,0.89141586,0.45076463,0.21480848,0.84532732,0.43762157,0.60038468,0.33178729,0.61227392,0.60046206,0.71703722,0.45213078,0.74626929,0.32679028,0.34551706,0.78656551,0.91161433,0.46015092,0.34113308,0.57036010,0.33713775,0.87683431,0.29094130,0.43579113,0.20859504,0.60783899,0.44734712,0.52518518,0.40004613,0.24627164,0.52912010,0.53965201,0.39763230,0.63652751,0.77351025,0.38830913,0.54568882,0.42031502,0.62195988,0.81710577,0.31422723,0.42149506,0.42381164,0.30438180,0.50588390,0.62372136,0.42875484,0.56429375,0.33843813,0.82784983,0.44837804,0.41254857,0.38352130,0.83296480,0.82573912,0.72260520,0.33465158,0.60660049,0.32637914,0.48216967,0.44031463,0.48743594,0.46440771,0.18037442,0.85489545,0.40616976,0.49683297,0.43053689,0.24476233,0.38982704,0.54838353,0.23673179,0.59505814,0.81852854,0.70746974,0.65877190,0.42919640,0.79098774,0.19693792,0.43070241,0.42847589,0.43549467
Factor 6: Regulatory Enforcement,0.34856893,0.42626367,0.49139859,0.42847516,0.61982012,0.50162194,0.81197648,0.80103107,0.50366145,0.39254211,0.62938313,0.43074042,0.78883857,0.41638435,0.47486988,0.37801167,0.48265531,0.58555171,0.49890178,0.52726882,0.46690893,0.26040824,0.40676816,0.80561898,0.63108069,0.49809734,0.51760463,0.34601207,0.42976006,0.68446479,0.52052037,0.55702287,0.65422653,0.71625939,0.89405971,0.52925138,0.43350554,0.45355287,0.35350275,0.47676440,0.79711831,0.35622035,0.85897963,0.73717219,0.45974376,0.38038379,0.57382012,0.83939722,0.52590910,0.56314951,0.55156758,0.41582327,0.36582827,0.47709919,0.27305922,0.38583856,0.79550634,0.44509200,0.47865114,0.57359306,0.43273815,0.83803979,0.62135534,0.54915150,0.79698039,0.55018511,0.52787451,0.44937057,0.74591917,0.47237352,0.65081414,0.40168780,0.71806158,0.43558725,0.40855886,0.76321853,0.85433162,0.38484133,0.46428167,0.55780184,0.45916852,0.58705000,0.29009884,0.61576288,0.43330947,0.45957965,0.48544683,0.47084097,0.50443102,0.39422458,0.41219590,0.57711994,0.48590434,0.83793785,0.84924522,0.34833563,0.46390620,0.41191483,0.45414085,0.88093301,0.38096218,0.49314854,0.44794697,0.46362065,0.47029442,0.63045060,0.59804844,0.57072770,0.46510901,0.61417975,0.56784531,0.44256638,0.35364513,0.86614861,0.62473031,0.64458210,0.50949894,0.68006792,0.48826986,0.61088059,0.60696622,0.53763145,0.32788266,0.45674180,0.83419870,0.45549147,0.44881290,0.49914825,0.48305465,0.48895882,0.41574437,0.42809993,0.42804103,0.69547757,0.78392900,0.71926405,0.71586886,0.44017410,0.19493053,0.45931022,0.43000254,0.36097317
6.1 Government regulations are effectively enforced,0.33296923,0.45579564,0.45142886,0.41040437,0.55268878,0.50475943,0.71317203,0.84388710,0.38625006,0.43744129,0.60900817,0.57830205,0.75203360,0.39969516,0.51309274,0.46288871,0.42401023,0.53737076,0.53220336,0.63600441,0.45651910,0.24570948,0.42963627,0.76584188,0.60252990,0.52321175,0.51293169,0.33340955,0.38859023,0.70219326,0.50736849,0.59890617,0.63300079,0.72244791,0.85082560,0.39583407,0.40123306,0.51646024,0.42413367,0.40702032,0.83298527,0.33519550,0.81139504,0.70308473,0.50222681,0.36309402,0.58188491,0.77630489,0.45290561,0.61175819,0.50927065,0.42388547,0.37720043,0.50055721,0.30101465,0.36163372,0.71356956,0.48272749,0.42099167,0.59359399,0.34812245,0.72176928,0.62264729,0.52517132,0.71486051,0.46086534,0.59431980,0.43326141,0.59896244,0.36244772,0.76384823,0.46359626,0.79824398,0.45877838,0.39241501,0.80336832,0.78364916,0.33485874,0.42145115,0.49490399,0.40047756,0.62400310,0.25037391,0.67139514,0.53987871,0.56085627,0.58327199,0.44976761,0.53207840,0.44397213,0.45991647,0.47612158,0.46269504,0.76471698,0.75967396,0.40760509,0.47851544,0.39943929,0.40650881,0.83674187,0.41397513,0.48425664,0.46022991,0.51329019,0.49592584,0.62339752,0.61444123,0.57882981,0.53614359,0.61298769,0.55418629,0.45983340,0.34025335,0.83094063,0.67293905,0.69143429,0.41936811,0.67568165,0.55863248,0.51265713,0.46441068,0.50325082,0.29969314,0.44373530,0.78673277,0.58650442,0.50708278,0.48266217,0.40123707,0.50143594,0.40343622,0.39773685,0.42205454,0.62508623,0.75682594,0.69618063,0.67690705,0.56389568,0.30355407,0.62562624,0.48162982,0.41123766
6.2 Government regulations are applied and enforced without improper influence,0.42599542,0.46886114,0.52566092,0.47630494,0.79523336,0.60069363,0.91202342,0.92560750,0.69320703,0.39340417,0.83983770,0.52565695,0.88694226,0.50321507,0.60836254,0.44068295,0.52148213,0.70025899,0.63867182,0.59373177,0.55155120,0.23613044,0.43584891,0.95047619,0.75745276,0.59493241,0.62721036,0.36140605,0.47638184,0.75740031,0.53058216,0.65548292,0.69804910,0.86766842,0.96001817,0.71647558,0.62832598,0.50156326,0.45659105,0.62792965,0.91197866,0.48182742,0.97371336,0.83237292,0.49445132,0.49768651,0.80323508,0.87304688,0.51478151,0.63720284,0.80283166,0.56435413,0.40717379,0.62031992,0.39607076,0.50232034,0.97475703,0.61692101,0.43978789,0.68866157,0.42448297,0.92489421,0.83055196,0.68867555,0.94801266,0.71480844,0.66548725,0.44531026,0.86021699,0.58528806,0.73521507,0.38442781,0.83514181,0.39087041,0.40164896,0.81266360,0.91838100,0.39608856,0.41012557,0.68984439,0.49342132,0.74309296,0.32140017,0.81834428,0.52470096,0.45584117,0.49113366,0.66661640,0.54340474,0.48841943,0.58091119,0.67456051,0.55805193,0.89354016,0.94796065,0.57275758,0.54912704,0.48859055,0.47911125,0.98681071,0.47369297,0.55059496,0.55127530,0.55132759,0.58714356,0.84554999,0.78267470,0.68718209,0.54152042,0.70830287,0.66664915,0.50945612,0.33582581,0.94479373,0.69198734,0.74572819,0.56363126,0.82964905,0.57411493,0.76859972,0.74096088,0.70942136,0.52269053,0.59858013,0.91816371,0.51052220,0.54270784,0.63130834,0.61710936,0.59843345,0.62253103,0.36920885,0.40891045,0.86323903,0.94077698,0.86993510,0.81277429,0.51651425,0.39804636,0.44418199,0.40745173,0.43353665
6.3 Administrative proceedings are conducted without unreasonable delay,0.38971949,0.50685504,0.49642680,0.34425780,0.51231687,0.44416460,0.75448116,0.65649262,0.41625006,0.24188171,0.39519619,0.58060434,0.65409626,0.40509892,0.39213832,0.39530528,0.45595379,0.43112926,0.25852450,0.53157821,0.37398696,0.41900746,0.29296799,0.64402998,0.50968559,0.63700818,0.34274436,0.34756051,0.39283309,0.47899203,0.48092493,0.44291961,0.56213449,0.63841354,0.87101541,0.44552058,0.41504573,0.37507584,0.18963518,0.48849167,0.79841313,0.36433277,0.79527839,0.69582067,0.37568914,0.32436273,0.49729070,0.77278133,0.43285640,0.43565469,0.52205295,0.31352504,0.34609823,0.41086556,0.22716552,0.34339182,0.72990882,0.47596792,0.38954802,0.51997933,0.49629661,0.66508328,0.45149057,0.37044901,0.76388225,0.55301389,0.62718729,0.43264322,0.81387554,0.46024563,0.57621307,0.48594091,0.66664633,0.38938946,0.37048878,0.79012180,0.85142170,0.40443493,0.38291712,0.54814350,0.34803609,0.46126805,0.40089471,0.47252108,0.34407871,0.52651004,0.54854114,0.43721412,0.46107362,0.39070924,0.44537321,0.47369139,0.44006083,0.81231366,0.80230645,0.40487054,0.43910287,0.34312796,0.46537117,0.80883914,0.32254232,0.47900629,0.38185408,0.25961526,0.36193317,0.50036035,0.41072515,0.49442356,0.58655976,0.51571217,0.45138504,0.38527377,0.35812087,0.90303031,0.53997350,0.58988386,0.45681282,0.50996957,0.39475946,0.54171566,0.47261170,0.46833299,0.37865775,0.41795118,0.78723903,0.35428524,0.43017028,0.40677023,0.33173353,0.35592843,0.40835060,0.39615404,0.52797152,0.72184958,0.67664040,0.54963338,0.56997609,0.59701515,0.12121452,0.46440956,0.47702382,0.35575775
6.4 Due process is respected in administrative proceedings,0.21726581,0.25712020,0.43966842,0.50636901,0.55928633,0.46236367,0.84635284,0.77915474,0.50050249,0.30372828,0.67035218,0.20541062,0.78219000,0.27893539,0.39981784,0.18958533,0.43000389,0.56244843,0.44921177,0.37471495,0.36668823,0.12271423,0.42406174,0.88996538,0.52994617,0.35498863,0.47268894,0.41510855,0.45049573,0.69657573,0.53364238,0.49227320,0.63305215,0.63741977,0.91888105,0.53612801,0.24445188,0.31234784,0.29608762,0.34461912,0.68711923,0.22112176,0.92550838,0.70412210,0.49021393,0.28363251,0.40692265,0.86785749,0.59050614,0.46048205,0.40893690,0.29902805,0.35394724,0.38203358,0.10599369,0.22858768,0.82401976,0.26869071,0.51045915,0.47570464,0.40561628,0.93242615,0.57652714,0.53136618,0.78782119,0.47488717,0.27457147,0.36693610,0.68525230,0.37090019,0.47538973,0.28733807,0.58297032,0.50308733,0.47502926,0.64985865,0.87183700,0.30353220,0.51013503,0.55481960,0.45951781,0.55320353,0.15177276,0.54304646,0.30944576,0.34254295,0.35813021,0.27843973,0.43797468,0.31482559,0.26313666,0.61394149,0.44729272,0.79102836,0.86977304,0.07043344,0.35587346,0.37324253,0.38138369,0.86742629,0.21294897,0.41746157,0.35479033,0.37599654,0.40934622,0.50305662,0.55494087,0.44585340,0.31641829,0.52462934,0.51608930,0.36211452,0.38011807,0.89472958,0.57256096,0.57764753,0.54596458,0.73955200,0.41381384,0.60402184,0.68517225,0.43989348,0.12559472,0.32269370,0.80023390,0.35120544,0.30142781,0.47809950,0.49559730,0.40215441,0.18482173,0.39646500,0.39630338,0.62210386,0.80347141,0.77060013,0.68498972,0.25741574,0.01470586,0.36674113,0.35659338,0.33663392
6.5 The government does not expropriate without lawful process and adequate compensation,0.37689470,0.44268631,0.54380794,0.40503967,0.67957526,0.49612839,0.83385293,0.80001341,0.52209762,0.58625510,0.63252144,0.26372815,0.86893071,0.49497723,0.46093795,0.40159608,0.58182649,0.69655112,0.61589748,0.50031477,0.58579914,0.27847961,0.45132587,0.77778148,0.75578905,0.38034574,0.63244778,0.27257571,0.44049941,0.78716264,0.55008391,0.59553247,0.74489609,0.71534734,0.86955831,0.55229868,0.47847104,0.56231716,0.40106625,0.51576125,0.75509526,0.37862427,0.78900298,0.75046052,0.43613759,0.43314318,0.57976725,0.90699552,0.63849582,0.67064977,0.51474576,0.47832365,0.34472168,0.47171967,0.33505148,0.49325924,0.73527654,0.38115285,0.63246899,0.59002578,0.48917246,0.94602606,0.62555972,0.63009544,0.77032535,0.54735072,0.47780675,0.56870185,0.77128858,0.58298600,0.70340461,0.38713595,0.70730546,0.43581068,0.40321230,0.76008029,0.84636921,0.48529223,0.59677948,0.50129772,0.59438981,0.55368234,0.32605265,0.57350742,0.44844319,0.41214782,0.44615712,0.52216699,0.54762365,0.33319652,0.31164197,0.64728473,0.52142121,0.92809012,0.86651201,0.28601150,0.49691221,0.45517380,0.53832934,0.90484705,0.48165152,0.53442325,0.49158522,0.61787366,0.49712332,0.67988850,0.62746024,0.64734967,0.34490300,0.70926669,0.65091676,0.49615411,0.35390757,0.75724881,0.64619071,0.61821661,0.56171795,0.64548730,0.50002859,0.62740862,0.67167561,0.56725859,0.31277714,0.50074868,0.87862409,0.47494007,0.46267577,0.49690099,0.56959599,0.58684188,0.45958224,0.58093491,0.38496525,0.64510916,0.74193029,0.70997103,0.83469713,0.26602970,0.13713182,0.39559220,0.42731397,0.26769986
Factor 7: Civil Justice,0.31837239,0.44991053,0.55644266,0.43827859,0.68488528,0.55708913,0.74405095,0.73713094,0.56703587,0.36055371,0.61747228,0.54978743,0.74165794,0.52247509,0.42997436,0.30409271,0.46454029,0.61200901,0.50564983,0.52984773,0.43598944,0.25754180,0.42096199,0.67823880,0.60297072,0.52296269,0.45899354,0.35359912,0.44137255,0.60494715,0.50978550,0.56135751,0.61983891,0.67880804,0.86672996,0.55665551,0.43700774,0.43923597,0.38494233,0.48955912,0.80015423,0.40921639,0.80137936,0.67482181,0.40117427,0.49787021,0.53028752,0.81530884,0.56511762,0.57787941,0.60375743,0.34123854,0.38528313,0.51734271,0.34081623,0.41203700,0.71154607,0.46001745,0.43971666,0.46661336,0.51022899,0.74094215,0.57037026,0.55436038,0.76820005,0.61304848,0.62010677,0.49835132,0.75844987,0.47536269,0.57482323,0.46915787,0.71082516,0.39792982,0.41447856,0.77546652,0.77537744,0.42363502,0.56075929,0.61766140,0.39705865,0.60144089,0.40095422,0.61836354,0.37066263,0.49571874,0.53949264,0.53472428,0.50436625,0.41611217,0.32411411,0.61475948,0.44891935,0.82983770,0.79130923,0.29778115,0.44383220,0.44000361,0.50900270,0.86646756,0.38542012,0.48144409,0.40391763,0.41158712,0.45915074,0.61582112,0.62982850,0.61378149,0.50142443,0.65531781,0.55488023,0.46557394,0.41192807,0.79293008,0.54721033,0.66776892,0.57644975,0.63928460,0.44722354,0.69062488,0.65048982,0.62421146,0.34929314,0.49402211,0.83371902,0.47850106,0.50361887,0.47107722,0.54656655,0.48860387,0.40443347,0.41769372,0.53208370,0.65780031,0.70985551,0.62829761,0.72197955,0.51010999,0.25201874,0.46264830,0.46458783,0.45719312
7.1 People can access and afford civil justice,0.41667613,0.55957225,0.60540665,0.51912846,0.74990694,0.72412679,0.56569880,0.67902702,0.59008790,0.43692758,0.72512487,0.54405713,0.72568710,0.48779476,0.51103431,0.45477529,0.58419206,0.54393586,0.65570939,0.60137411,0.33119344,0.35400573,0.52530989,0.55791278,0.65311121,0.67719048,0.57610398,0.41559483,0.43355196,0.68864869,0.51526674,0.68038838,0.70359590,0.63187199,0.78537891,0.72782678,0.48535278,0.52096789,0.45384321,0.58979202,0.68520698,0.43379703,0.70605281,0.63307365,0.49064873,0.44740845,0.61526874,0.75311760,0.56335971,0.60712663,0.58326257,0.34800569,0.40430388,0.53692609,0.35786792,0.48404957,0.65665259,0.57961723,0.43371216,0.50309751,0.61931135,0.64167418,0.61211110,0.52128077,0.65046309,0.55238010,0.58910962,0.47964317,0.70939135,0.59068281,0.63863879,0.59922056,0.65925061,0.53722479,0.49219288,0.77846774,0.70919853,0.42217736,0.50302157,0.58279512,0.42433856,0.73980845,0.42578788,0.61690009,0.42501266,0.55656924,0.53967425,0.63051795,0.49833874,0.44928794,0.34800554,0.39501126,0.41075834,0.77224835,0.77387268,0.45083640,0.47589980,0.56994756,0.54155272,0.72126773,0.38357782,0.57690727,0.53105961,0.45774747,0.52076722,0.65162315,0.64461099,0.60014926,0.62534715,0.68828353,0.56253114,0.57326164,0.47986156,0.62559938,0.61815762,0.70545080,0.48900343,0.70338276,0.46431429,0.69266711,0.62899033,0.63882138,0.31357263,0.51202382,0.79747828,0.45476579,0.59724150,0.50579710,0.59165306,0.53996313,0.54936575,0.39179797,0.63394512,0.60712751,0.53763087,0.48031415,0.80048092,0.48200623,0.41417244,0.49565301,0.44046053,0.42913665
7.2 Civil justice is free of discrimination,0.09318191,0.50213408,0.46704232,0.50863557,0.64156966,0.65614034,0.62663877,0.68160246,0.50672053,0.31647328,0.62050849,0.65767064,0.79253320,0.49882271,0.54956470,0.28653685,0.50356989,0.57507673,0.49096983,0.58114734,0.47165405,0.20362918,0.47510244,0.51374630,0.61696496,0.41622646,0.42631893,0.41349505,0.45445424,0.71339850,0.58860006,0.69760950,0.62599445,0.67831528,0.87449423,0.58657380,0.58507192,0.34401224,0.30235260,0.63749210,0.84270956,0.37124016,0.84403286,0.64053798,0.49793805,0.64754123,0.52439989,0.80662517,0.60858644,0.63550851,0.66385612,0.28057125,0.48073530,0.38438303,0.32764654,0.37856690,0.64898502,0.29053622,0.36723473,0.36022041,0.34724234,0.71885420,0.64695766,0.58728959,0.78483138,0.74389056,0.58414302,0.57114220,0.74385144,0.48781105,0.52229780,0.51639473,0.77141003,0.43893874,0.43560173,0.82331321,0.77131750,0.51958239,0.54244730,0.55630634,0.41638684,0.49662555,0.34488818,0.68335534,0.23602065,0.55994454,0.59325818,0.58405201,0.49333503,0.51049936,0.19536181,0.57657466,0.38848083,0.81434092,0.72061715,0.21034364,0.43454583,0.50532191,0.60533737,0.78370021,0.36021669,0.54248139,0.35363490,0.34140805,0.49921228,0.66627326,0.68981222,0.66492667,0.47442609,0.67711323,0.62025806,0.62615910,0.50679758,0.77591203,0.49403081,0.76372844,0.47989480,0.66715157,0.35521038,0.63558285,0.70327252,0.61614144,0.27372014,0.51345501,0.78880668,0.54471412,0.53291145,0.52890525,0.54161018,0.59821230,0.28483164,0.37839716,0.66610545,0.58965491,0.60612152,0.40119143,0.77056276,0.57509409,0.42754336,0.58579359,0.41115531,0.44638693
7.3 Civil justice is free of corruption,0.19979306,0.31280052,0.59832103,0.47703380,0.80955055,0.53993540,0.89205273,0.86902732,0.68748812,0.33968421,0.85959038,0.57599506,0.82379430,0.61541771,0.40132401,0.18283464,0.43532492,0.65654868,0.64456527,0.50231228,0.41502770,0.11365914,0.33464920,0.89428935,0.61936807,0.43409936,0.50508187,0.16073631,0.29454903,0.68112004,0.36292791,0.55777281,0.69263956,0.78491518,0.98923448,0.72767659,0.47263882,0.36633264,0.47922570,0.49502163,0.89831772,0.32110571,0.94198693,0.75471513,0.28074416,0.59444890,0.59628596,0.88025771,0.54874042,0.69693870,0.83857466,0.43897959,0.14708280,0.59390573,0.30753853,0.37396880,0.94271530,0.63951941,0.48951470,0.45031552,0.40514375,0.87552185,0.67900052,0.76786254,0.94412349,0.73905327,0.57381380,0.43552454,0.74619409,0.42598265,0.68340360,0.34715718,0.74872468,0.36554406,0.32608964,0.70140111,0.85209603,0.31568683,0.49703603,0.71088542,0.10659505,0.73241422,0.30256217,0.75784666,0.32219208,0.36066998,0.53407219,0.52312995,0.39132745,0.35438394,0.28870653,0.78911906,0.38184524,0.93113896,0.95302030,0.29523234,0.46851728,0.42150979,0.36293642,0.95832064,0.39295710,0.47258533,0.28476035,0.40012307,0.52394101,0.77917198,0.77121296,0.63184737,0.48131046,0.54864884,0.52332231,0.43656318,0.32373889,0.90090246,0.57916243,0.71537847,0.67421841,0.72396091,0.63125316,0.81175181,0.81778342,0.74689492,0.32030404,0.62179275,0.90770823,0.45146006,0.71418319,0.32745848,0.77752720,0.38069094,0.49041867,0.35820411,0.42518196,0.80116664,0.90855639,0.82657984,0.78966416,0.44685233,0.18097506,0.37966521,0.42918710,0.41136377
7.4 Civil justice is free of improper government influence,0.25639934,0.32297566,0.44954677,0.30863011,0.77694762,0.45541139,0.89071702,0.82757213,0.62480263,0.39279170,0.69385697,0.19604766,0.83490298,0.53169163,0.23317293,0.20149529,0.40549529,0.63761689,0.49989511,0.47919193,0.43414727,0.15399718,0.23546930,0.87912453,0.68943910,0.20159119,0.48807701,0.23057963,0.41382275,0.71214061,0.29442208,0.54375900,0.74523790,0.75840879,0.92044539,0.73405254,0.36772601,0.43199420,0.36013205,0.29526840,0.85554976,0.27406615,0.89956887,0.75750137,0.23000674,0.56741452,0.39974371,0.91317960,0.66833066,0.56897296,0.71066925,0.35641569,0.27698847,0.58271600,0.19973695,0.31802775,0.60744750,0.31173728,0.57909303,0.47783063,0.41707984,0.92340686,0.67311422,0.74486392,0.77280491,0.59320427,0.38093578,0.49976486,0.72463969,0.50495594,0.63221210,0.30254591,0.74401402,0.32953603,0.33777632,0.78919283,0.84974691,0.28654093,0.68251572,0.54769288,0.36803759,0.68389358,0.28859253,0.70355076,0.38750561,0.41031661,0.46424000,0.41331825,0.42536713,0.28699971,0.14383803,0.71556720,0.50500952,0.86930206,0.86907935,0.07845191,0.22696803,0.40541495,0.39320732,0.93943027,0.42858627,0.42095443,0.40518960,0.48621352,0.35618670,0.52950194,0.68068294,0.62412131,0.24613965,0.61501550,0.42112699,0.31360341,0.23689529,0.71498193,0.64204505,0.63576704,0.65437654,0.63664059,0.48397018,0.83022452,0.79970949,0.70208428,0.30735482,0.53050736,0.89804376,0.40770475,0.47443186,0.34946865,0.66668658,0.48559094,0.18777074,0.42950765,0.35982818,0.61091031,0.82363023,0.67879579,0.80269762,0.25518783,0.05458651,0.32644651,0.43238754,0.26430979
7.5 Civil justice is not subject to unreasonable delay,0.37352964,0.32668168,0.72191482,0.29808436,0.49584487,0.27609723,0.64581778,0.62723592,0.41930323,0.19236619,0.27777945,0.64951170,0.44276948,0.44640993,0.38557472,0.20527189,0.32628206,0.52474445,0.27426981,0.36836271,0.45829158,0.26746050,0.43151036,0.43544573,0.40713777,0.72362265,0.17947157,0.39630302,0.52683173,0.24839435,0.55372284,0.27078367,0.30705649,0.49400062,0.68951718,0.24263416,0.22727599,0.34037807,0.30938852,0.34679863,0.74991492,0.41089704,0.57275852,0.52584175,0.37836436,0.26433892,0.33494149,0.72319904,0.35557174,0.27378857,0.36505024,0.13035057,0.49621985,0.41938169,0.31252400,0.27780047,0.61464753,0.34567315,0.22728746,0.49574297,0.56747765,0.63837934,0.30116430,0.25379570,0.69172792,0.36702875,0.79604643,0.34771094,0.73928312,0.25974821,0.31529193,0.47419196,0.51426268,0.26618658,0.36557270,0.74345008,0.66130244,0.44097574,0.43215638,0.64559926,0.52502231,0.25466346,0.49773559,0.30447180,0.26726642,0.39948675,0.54836531,0.38289658,0.60257890,0.32204045,0.40643323,0.44386887,0.46398090,0.71984106,0.68382474,0.27157573,0.42441285,0.20117266,0.39737636,0.83141367,0.26239376,0.23935574,0.25141283,0.15976482,0.33181444,0.30941364,0.39042083,0.42760016,0.74323907,0.71149420,0.52744499,0.20339346,0.37352006,0.87353331,0.29610194,0.43385799,0.44505694,0.44126983,0.19696249,0.58153704,0.46446204,0.45246521,0.30920584,0.31866523,0.73296313,0.38776824,0.36034486,0.52896335,0.22815232,0.39826359,0.22701360,0.28472198,0.48571001,0.66869274,0.62502471,0.57990080,0.55967446,0.77093212,0.09251133,0.45949050,0.44494076,0.52558881
7.6. Civil justice is effectively enforced,0.45987340,0.51439090,0.49501527,0.37964260,0.53902301,0.51977465,0.78385583,0.76281277,0.43798487,0.30485636,0.44535552,0.58397319,0.77191366,0.42379682,0.37276284,0.26558446,0.33503672,0.65118570,0.35070181,0.50535913,0.33881326,0.23834335,0.41441027,0.70285740,0.55209067,0.54828533,0.37367168,0.34917845,0.44542047,0.44369033,0.58824537,0.46490525,0.57369634,0.61401976,0.94017545,0.22001781,0.36839777,0.41602413,0.29265412,0.47553618,0.73435596,0.45867280,0.88669516,0.66826665,0.35896410,0.36126850,0.51958505,0.82162010,0.48959747,0.49759115,0.32445142,0.21862093,0.43098779,0.51908116,0.36805371,0.40112918,0.71814041,0.40270608,0.37084288,0.41748272,0.50561267,0.55530533,0.37574488,0.33543898,0.70150137,0.59313513,0.64515082,0.49708809,0.77417514,0.45511691,0.50730603,0.38267838,0.77777467,0.37006484,0.43888283,0.82669008,0.75573675,0.40931354,0.65263088,0.62406729,0.44383617,0.58449670,0.33573286,0.59703624,0.36549893,0.53598065,0.44839744,0.47753405,0.45697295,0.41046469,0.35497582,0.66260910,0.42049866,0.90947203,0.69728297,0.34877018,0.47578809,0.38715487,0.57141944,0.91808567,0.33951629,0.47373738,0.41023183,0.37679673,0.35588956,0.56448401,0.48009127,0.61220669,0.44946808,0.72156630,0.56845346,0.51150936,0.49982163,0.91169483,0.53062174,0.61907965,0.55103917,0.50193676,0.38614080,0.50082567,0.40903898,0.45524801,0.48989117,0.47541195,0.91170374,0.51237007,0.35038705,0.40852600,0.39154341,0.40614899,0.46026577,0.48349320,0.47361521,0.67297685,0.70179827,0.64045058,0.62609403,0.45154998,0.17449033,0.44411203,0.57518877,0.60137890
"7.7 Alternative dispute resolution mechanisms are accessible, impartial, and effective",0.42915328,0.61081864,0.55785177,0.57679520,0.78135432,0.72813815,0.80357575,0.71263897,0.70286380,0.54077668,0.70009028,0.64125666,0.80000488,0.65339204,0.55638701,0.53215055,0.66188106,0.69495476,0.62343756,0.67118662,0.60279879,0.47169754,0.53028249,0.76429550,0.68268324,0.65972336,0.66422977,0.50930654,0.52097767,0.74723754,0.66531350,0.71428395,0.69065170,0.79012464,0.86786412,0.65780693,0.55259092,0.65494259,0.49700013,0.58700488,0.83502471,0.59473585,0.75856037,0.74381612,0.57155376,0.60267093,0.72178778,0.80916264,0.72163686,0.76522936,0.74043778,0.61572605,0.46066383,0.58500527,0.51234601,0.65071630,0.79223412,0.65033281,0.61033162,0.56160373,0.70973535,0.83345328,0.70449917,0.66999119,0.83194819,0.70264728,0.77154794,0.65758544,0.87161426,0.60324125,0.72461237,0.66191641,0.76033941,0.47801369,0.50523383,0.76575058,0.82824394,0.57116837,0.61550716,0.65628350,0.49519402,0.71818427,0.61138031,0.66538387,0.59114208,0.64706337,0.64844111,0.73162118,0.66264354,0.57910913,0.53147782,0.72056621,0.57186196,0.79252055,0.84146740,0.42925787,0.60069351,0.58950352,0.69118929,0.91305474,0.53069293,0.64408710,0.59113432,0.65905620,0.62624398,0.81027988,0.75196825,0.73561899,0.49004052,0.62510307,0.66102464,0.59452745,0.46286151,0.74788663,0.67035269,0.80112005,0.74155896,0.80064974,0.61271348,0.78178518,0.73017197,0.75782497,0.43100332,0.48629863,0.79932931,0.59072439,0.49583219,0.64842174,0.62879310,0.61135719,0.63136808,0.59773396,0.68020002,0.65407324,0.76622658,0.79085070,0.70468292,0.58914737,0.41985213,0.54737727,0.51879478,0.52218701
Factor 8: Criminal Justice,0.24755632,0.37715123,0.41970111,0.35564072,0.52973009,0.39603872,0.71754625,0.78657536,0.58436248,0.30726688,0.58319626,0.38703617,0.70288663,0.39983266,0.42294473,0.20117067,0.47156804,0.56820533,0.32651324,0.44796060,0.47625021,0.25906937,0.23241279,0.73514708,0.54030024,0.44777832,0.32343136,0.27944498,0.33267932,0.57173945,0.35867568,0.51068724,0.67496607,0.70937348,0.84028076,0.55289556,0.37495008,0.31337382,0.33616935,0.21670143,0.75191347,0.35012248,0.83716359,0.64834773,0.30199310,0.40384932,0.50598528,0.78362581,0.44902409,0.49897267,0.53538133,0.30184949,0.30629833,0.39907961,0.24721140,0.26954302,0.68127013,0.45915043,0.38277661,0.39499523,0.33622811,0.73758113,0.63333641,0.48207207,0.76777752,0.55945671,0.46307887,0.38878232,0.71791160,0.47081074,0.46612477,0.32732147,0.67668321,0.31475063,0.31390918,0.69721058,0.73123520,0.31230203,0.44099152,0.55760698,0.28618017,0.62714960,0.27302761,0.54525340,0.25034022,0.42382509,0.47835432,0.47534020,0.36571659,0.30816371,0.22880536,0.54639753,0.46877009,0.74565210,0.73916217,0.24408172,0.35174088,0.37739501,0.44422768,0.82763459,0.35986716,0.34612971,0.27403524,0.32864328,0.30524877,0.58407926,0.57085916,0.52839562,0.29354058,0.56428797,0.45974419,0.38254328,0.36161381,0.77593937,0.59351370,0.57790870,0.50284183,0.66958773,0.42057335,0.58785048,0.54685364,0.58680879,0.34344566,0.52766292,0.78170698,0.36513299,0.40826106,0.35733407,0.30810948,0.41352087,0.34168707,0.31508367,0.37026682,0.67703452,0.70446563,0.59142509,0.58323285,0.44883830,0.10822886,0.47002691,0.40357120,0.35636530
8.1 Criminal investigation system is effective,0.29148485,0.42267989,0.29215406,0.36501299,0.47172924,0.29832258,0.64886848,0.64602201,0.48537605,0.38947104,0.51150359,0.48142570,0.58455669,0.34548011,0.37460571,0.20688394,0.43738175,0.39448407,0.31274825,0.29988315,0.41693484,0.35029047,0.27122884,0.68769911,0.34896939,0.53966718,0.21227171,0.24514706,0.22221394,0.42720703,0.35118624,0.47445844,0.71138036,0.61423863,0.67038027,0.50278202,0.33457345,0.19468861,0.41598391,0.12496990,0.62556151,0.33760604,0.58965102,0.62371338,0.29288102,0.41235088,0.35457311,0.60789297,0.42675249,0.51251458,0.51650851,0.20203187,0.24571786,0.33692341,0.30911593,0.22085225,0.68581863,0.49678214,0.26022468,0.35019395,0.27095061,0.68876365,0.45894425,0.37056750,0.66742579,0.49851128,0.44217489,0.35311669,0.58389952,0.33693268,0.48002744,0.38181431,0.55915540,0.43324962,0.30359560,0.66931697,0.75052314,0.32096799,0.34311810,0.60335177,0.23861631,0.62621931,0.24409620,0.40647129,0.17301015,0.29857460,0.40708052,0.45103983,0.48775056,0.25020081,0.35530925,0.38501654,0.52714320,0.54029643,0.61339245,0.32298377,0.29629877,0.41504796,0.39280100,0.62930865,0.32141674,0.32600222,0.29678771,0.24970786,0.40570855,0.48799799,0.48640832,0.52711390,0.18991438,0.49543427,0.53616660,0.38625925,0.44989922,0.81981954,0.54614154,0.45446373,0.38011340,0.58100933,0.41326225,0.43161528,0.36644250,0.44043864,0.41338473,0.44038172,0.50193836,0.37150081,0.36344892,0.31340890,0.31838860,0.40540881,0.43523167,0.32275711,0.27527522,0.68562724,0.67345659,0.65036537,0.40377892,0.50853733,0.09658909,0.52585128,0.45951293,0.41383887
8.2 Criminal adjudication system is timely and effective,0.40373621,0.35415269,0.45369285,0.34553060,0.53049760,0.31708487,0.69790055,0.78593348,0.50858652,0.41853182,0.41881434,0.47925211,0.65068156,0.32341345,0.39430021,0.16838574,0.54276147,0.55153600,0.24953415,0.51375523,0.48865241,0.40228269,0.27255978,0.68440495,0.55445036,0.51081265,0.30489869,0.37482097,0.37434095,0.42676407,0.48654970,0.47385963,0.64958829,0.68532315,0.75139418,0.46992670,0.39345037,0.33214576,0.35209882,0.24244580,0.57914743,0.39083331,0.76535618,0.61854744,0.23735478,0.38432648,0.55040575,0.74899792,0.42919093,0.45706877,0.53963814,0.27528348,0.33961487,0.42337849,0.22006615,0.28421061,0.59741773,0.50804647,0.36338064,0.54134379,0.40011137,0.67165368,0.55922291,0.32806710,0.66642215,0.61613665,0.63922243,0.39359804,0.76733078,0.30378814,0.36957208,0.53239636,0.55166612,0.39629227,0.32410330,0.57873157,0.59929309,0.41923282,0.46862126,0.57527553,0.29197274,0.46746893,0.45211849,0.42033843,0.25017123,0.46197803,0.53190829,0.33462988,0.41578890,0.32153715,0.33457474,0.41713713,0.53077644,0.67382490,0.69882983,0.34382990,0.37753340,0.39224910,0.45839016,0.74838773,0.41143151,0.35439768,0.21125341,0.26669629,0.31624073,0.49172049,0.45494937,0.46257428,0.34946938,0.52530873,0.48569998,0.39808717,0.32162158,0.71832818,0.46129904,0.52334444,0.49097805,0.58480995,0.34109410,0.51916992,0.37868051,0.56858268,0.40200640,0.57587444,0.70773368,0.37748787,0.41821753,0.39248640,0.21219476,0.45414106,0.35552206,0.32324351,0.38545390,0.74229407,0.69535977,0.63356367,0.55537102,0.60812566,0.11143959,0.54081429,0.47041055,0.45522348
8.3 Correctional system is effective in reducing criminal behavior,0.21923076,0.33132790,0.46647467,0.27254886,0.36181218,0.28824042,0.60794152,0.79728856,0.44878710,0.31300827,0.60872655,0.40739263,0.52310674,0.22303057,0.34302063,0.20147726,0.44709419,0.52757425,0.19278093,0.33725027,0.40122937,0.27654531,0.15931012,0.67588073,0.33903728,0.58373985,0.18021745,0.14563625,0.28445186,0.39956224,0.32805087,0.43871028,0.66326748,0.61102505,0.78387304,0.36217615,0.24144455,0.15134168,0.23370393,0.20302854,0.73179264,0.41764597,0.83873637,0.56369217,0.26636024,0.14158831,0.62000493,0.78642487,0.36062089,0.35553574,0.41672255,0.15266453,0.17254131,0.17373518,0.12853244,0.15278708,0.76038938,0.43444665,0.37350880,0.33650891,0.46191461,0.66253448,0.51018573,0.31060683,0.82162711,0.50055235,0.46313436,0.42539121,0.75079136,0.55734681,0.56128855,0.27726087,0.68435289,0.23435574,0.20593007,0.60862656,0.74559076,0.19295675,0.32457366,0.60636927,0.27692232,0.53363839,0.26318376,0.53157935,0.22554263,0.45230258,0.54778946,0.36396790,0.29596429,0.22301543,0.25007988,0.42671002,0.46845645,0.78489313,0.69120574,0.21744248,0.30606959,0.26049545,0.39032349,0.91178766,0.35501699,0.18428221,0.06652679,0.24488650,0.20599976,0.59141641,0.43769597,0.44942629,0.33333968,0.49654518,0.25767558,0.41410443,0.30264695,0.86229248,0.67949344,0.59146406,0.30020499,0.72809412,0.37915558,0.38975806,0.45416094,0.53443455,0.30163598,0.36774213,0.75340134,0.24830923,0.24907577,0.24914494,0.15124734,0.32969369,0.34552467,0.42211283,0.38134432,0.81699211,0.53278232,0.50192842,0.32354722,0.63707032,0.05593249,0.45078397,0.30036609,0.34890456
8.4 Criminal system is impartial,0.17948573,0.44063950,0.61722406,0.39847009,0.50421636,0.49654223,0.57146489,0.69353839,0.54992964,0.22178690,0.49700133,0.47497223,0.70225500,0.45574182,0.65532043,0.26666184,0.44696005,0.61258065,0.09881024,0.50007104,0.54377995,0.23602091,0.31415577,0.53753183,0.51616751,0.37142707,0.31460761,0.42547078,0.46068917,0.69858466,0.45787852,0.47948290,0.59342468,0.67945494,0.81177328,0.60814919,0.42935988,0.31431416,0.32982063,0.13061821,0.77482956,0.38315053,0.83268543,0.53599256,0.48692519,0.36289178,0.47543975,0.72198892,0.52947986,0.42606292,0.50158050,0.31117486,0.45949053,0.39651428,0.32136610,0.28152202,0.63770599,0.25700590,0.36304687,0.25847301,0.25526504,0.59619565,0.64985584,0.49898241,0.78503120,0.55529581,0.42461913,0.40652180,0.74270959,0.57767100,0.24267591,0.28913900,0.74198836,0.17163564,0.31771039,0.80152254,0.59111749,0.36156894,0.46960040,0.47528273,0.34541974,0.51623856,0.20981065,0.60592931,0.15958098,0.47366313,0.47892504,0.69167031,0.35241431,0.42054280,0.15067670,0.65012483,0.39149683,0.64803910,0.59654799,0.21563509,0.41115853,0.49046279,0.53193791,0.73232655,0.27170490,0.32374569,0.36122811,0.36921827,0.21856463,0.60263895,0.45657491,0.55032995,0.30841785,0.77465520,0.55515416,0.36860129,0.45638611,0.78402402,0.48732618,0.54750141,0.52088324,0.65757936,0.43859797,0.63115373,0.61808796,0.54405144,0.25211204,0.57662528,0.80108211,0.48063414,0.30554851,0.52704355,0.18408038,0.40180983,0.24933086,0.27633842,0.50812415,0.60128355,0.57484778,0.36828836,0.63024691,0.33926364,0.09741333,0.49351480,0.47334429,0.39082572
8.5 Criminal system is free of corruption,0.27133168,0.32906808,0.43720236,0.49562354,0.70817474,0.45515879,0.84578003,0.88280885,0.77715510,0.31911415,0.79521514,0.50367966,0.82598226,0.55499415,0.42251087,0.18066133,0.46374693,0.68271938,0.54687675,0.46654487,0.48847784,0.15584943,0.21786177,0.84756491,0.67391952,0.52894636,0.42783310,0.20458595,0.30811551,0.65649020,0.37564029,0.58263180,0.63716399,0.75353172,0.97601560,0.70430003,0.45683996,0.36453290,0.43829280,0.35426457,0.88968648,0.40074991,0.93011740,0.76079222,0.29750035,0.54527938,0.70488771,0.87545199,0.38780936,0.66581671,0.67833604,0.43637266,0.28634579,0.47658169,0.26137895,0.38904827,0.88551896,0.64360523,0.45516161,0.48089309,0.36077020,0.82660829,0.74215280,0.64739684,0.90522194,0.69421051,0.51788469,0.31221553,0.66746502,0.48657489,0.79069264,0.27719665,0.69151979,0.39823968,0.37556301,0.70594801,0.85849714,0.30461305,0.44523329,0.64527612,0.24720503,0.75350479,0.28150922,0.66600152,0.27179482,0.38546691,0.52557135,0.49219427,0.39390694,0.36762300,0.38259198,0.65591273,0.54140334,0.89242932,0.90517564,0.37488640,0.40810618,0.36592782,0.45106009,0.95590196,0.39860255,0.47796079,0.24746802,0.34518743,0.44794305,0.77960723,0.77256371,0.57250030,0.45572605,0.71052114,0.59714022,0.42068969,0.37328742,0.90722714,0.54595798,0.62457536,0.57658601,0.74739016,0.62058188,0.74527812,0.70279978,0.71649610,0.41445390,0.59171243,0.89995238,0.42874184,0.55330582,0.35093131,0.52287666,0.47722708,0.53971589,0.29131066,0.32770868,0.74331330,0.86007928,0.75249980,0.76234922,0.45903559,0.23930911,0.52851213,0.34331112,0.32689897
8.6 Criminal system is free of improper government influence,0.12839560,0.26665694,0.19605959,0.27796223,0.56443005,0.36766701,0.89971686,0.86043263,0.80092080,0.21974204,0.69355559,0.02794026,0.84496429,0.48598339,0.26227234,0.11494152,0.33451190,0.65830566,0.53506989,0.46469130,0.52281146,0.10631221,0.10193295,0.94117319,0.72938206,0.14405095,0.44352674,0.23623388,0.29205424,0.66947337,0.12593923,0.46427212,0.77003992,0.82666308,0.98446005,0.60900154,0.36513472,0.38926668,0.28827841,0.22195569,0.85088423,0.21230131,0.98045585,0.72224519,0.14617295,0.58848619,0.24621630,0.90317595,0.59738514,0.54035052,0.57439021,0.33541252,0.27714547,0.57348826,0.18655127,0.21345123,0.50131158,0.30717854,0.48648544,0.41862193,0.23625685,0.88688294,0.83395993,0.72021806,0.77313672,0.56283339,0.30159447,0.43642180,0.72242685,0.44920902,0.27558794,0.17470190,0.78583086,0.18112795,0.28214918,0.80821330,0.71546721,0.24456078,0.64580369,0.46390180,0.25250313,0.76101123,0.13306028,0.65042854,0.36565780,0.37157093,0.35343342,0.41284185,0.24933490,0.30364088,0.01020407,0.71883243,0.40024917,0.85281927,0.86071522,0.00000000,0.26055463,0.39352037,0.32528066,0.92818553,0.42503660,0.27311620,0.31901551,0.40689348,0.26182703,0.51380825,0.74204967,0.52643234,0.08708387,0.40946317,0.31555138,0.17567217,0.21230559,0.57291590,0.70387988,0.53974111,0.71784283,0.59285839,0.38905141,0.77762419,0.74132939,0.66872885,0.28308486,0.70640875,0.92348909,0.34725655,0.54318775,0.27976358,0.38010372,0.37558677,0.04817306,0.26532043,0.26852013,0.43007758,0.81835387,0.61269475,0.77773444,0.19249869,0.00867354,0.28238276,0.40182150,0.21556837
8.7. Due process of the law and rights of the accused,0.23922942,0.49553360,0.47510018,0.33433671,0.56725048,0.54925515,0.75115140,0.84000361,0.51978212,0.26921395,0.55755730,0.33459059,0.78865985,0.41018513,0.50858294,0.26918309,0.62852001,0.55023727,0.34977248,0.55352837,0.47186557,0.28618455,0.28984035,0.77177487,0.62017558,0.45580422,0.38066419,0.32421994,0.38688960,0.72409457,0.38548491,0.66139551,0.69989778,0.79537781,0.90406891,0.61393333,0.40384765,0.44732694,0.29500694,0.23962728,0.81149241,0.30857032,0.92314287,0.71345118,0.38675718,0.39202222,0.59036940,0.84144803,0.41192992,0.53545944,0.52049339,0.40000651,0.36323248,0.41293596,0.30346896,0.34492970,0.70072864,0.56698807,0.37762825,0.37893192,0.36832806,0.83042919,0.67903345,0.49866575,0.75557771,0.48865694,0.45292211,0.39421115,0.79075808,0.58415261,0.54302883,0.35874123,0.72226908,0.38835354,0.38831269,0.70811511,0.85815761,0.34221392,0.38999020,0.53379166,0.35062190,0.73196602,0.32741466,0.53602539,0.30662396,0.52321945,0.50377219,0.58103734,0.36485620,0.27058591,0.11820091,0.57104903,0.42186517,0.82726255,0.80826831,0.23379444,0.40246509,0.32406155,0.55980048,0.88754407,0.33586087,0.48340316,0.41596713,0.41791312,0.28045763,0.62136550,0.64577217,0.61039231,0.33083282,0.53808810,0.47082140,0.51438900,0.41514979,0.76696834,0.73049785,0.76427079,0.53328427,0.79537281,0.36227022,0.62035407,0.56647442,0.63492926,0.33744175,0.43489571,0.88435189,0.30200048,0.42504314,0.38855982,0.38787488,0.45077885,0.41831125,0.30450277,0.44544136,0.71965377,0.77637982,0.62063524,0.62960221,0.39733685,0.14824489,0.46832913,0.37623189,0.34329710
